index,Date,Close,High,Low,Open,Volume,Daily Return
,,AAPL,AAPL,AAPL,AAPL,AAPL,
0,2020-01-02,72.33387756347656,72.39408555090253,71.0911838210517,71.34405442839761,135480400,
1,2020-01-03,71.6306381225586,72.38925722098051,71.40666619485818,71.56320547713457,146322800,
2,2020-01-06,72.20142364501953,72.23995764322866,70.5035611498287,70.75402846338375,118387200,
3,2020-01-07,71.86184692382812,72.46633010238772,71.64268897397623,72.21104883104543,108872000,
4,2020-01-08,73.01782989501953,73.31886979288494,71.56561372170107,71.56561372170107,132079200,
5,2020-01-09,74.56878662109375,74.76144921222713,73.7427349209394,73.99319481949146,170108400,
6,2020-01-10,74.73736572265625,75.30091887725054,74.23643856809193,74.80239504412852,140644800,
7,2020-01-13,76.33409118652344,76.36058652225458,74.93485817482635,75.05287082554342,121532000,
8,2020-01-14,75.3033447265625,76.48101668324267,75.18052540962947,76.27149402827726,161954400,
9,2020-01-15,74.9806137084961,75.98247543934815,74.54952248725758,75.10344034713454,121923600,
10,2020-01-16,75.91985321044922,76.03064118697364,75.16123412136378,75.52248200660513,108829200,
11,2020-01-17,76.76036834716797,76.76277166888072,75.86206254796348,76.16791647174253,137816400,
12,2020-01-21,76.24015808105469,76.83019183971173,76.1028821310267,76.38947268651397,110843200,
13,2020-01-22,76.5123062133789,77.06380603496487,76.4183782339569,76.72423213565071,101832400,
14,2020-01-23,76.88079071044922,76.96026202494508,76.01860816134078,76.56530142477,104472000,
15,2020-01-24,76.65919494628906,77.86816833505755,76.4689357036674,77.1264093803084,146537600,
16,2020-01-27,74.405029296875,75.08416976822737,73.42484155700832,74.67234921705278,161940000,
17,2020-01-28,76.50990295410156,76.68089158109271,75.18532722614749,75.28406920782065,162234000,
18,2020-01-29,78.11143493652344,78.95675744540253,77.39857441186852,78.13793027321145,216229200,
19,2020-01-30,77.99822998046875,78.05121329496869,76.76517176985938,77.19626294921763,126743200,
20,2020-01-31,74.5398941040039,77.71164655303768,74.24607885109228,77.29019066933044,199588400,
21,2020-02-03,74.3351821899414,75.49839714349714,72.78422401879573,73.2851511845041,173788400,
22,2020-02-04,76.78926086425781,76.9795201431656,75.53211792000401,75.93671379066781,136616400,
23,2020-02-05,77.4154281616211,78.21258127557842,76.81334832632962,77.91394467954083,118826800,
24,2020-02-06,78.32096862792969,78.32337929968051,77.12885469909907,77.68517600247516,105425600,
25,2020-02-07,77.25634765625,78.06987612347613,76.76629893571341,77.82123085871221,117684000,
26,2020-02-10,77.6233139038086,77.6233139038086,75.76451086097089,75.84417079645658,109348800,
27,2020-02-11,77.15497589111328,78.19059906005786,76.9377141953968,78.11818095050265,94323200,
28,2020-02-12,78.98721313476562,78.99203855171046,77.60396869052254,77.60396869052254,113730400,
29,2020-02-13,78.42476654052734,78.75066279160559,78.0578358133656,78.26061390209061,94747600,
30,2020-02-14,78.44407653808594,78.6927218682662,77.93712767417983,78.39337649475979,80113600,
31,2020-02-18,77.00772094726562,77.18877358272158,75.94795598487916,76.12900862033511,152531200,
32,2020-02-19,78.12300109863281,78.35233737517142,77.24912158938099,77.24912158938099,93984000,
33,2020-02-20,77.321533203125,78.3716398349872,76.81700080414447,77.88400744802773,100566000,
34,2020-02-21,75.57135772705078,77.35774940247184,74.95578178960817,76.91597690115918,129554000,
35,2020-02-24,71.98169708251953,73.43011814732492,69.8211400810818,71.75960997813098,222195200,
36,2020-02-25,69.54350280761719,73.03178561562022,69.07277049917455,72.65037140517215,230673600,
37,2020-02-26,70.646728515625,71.90927139616765,69.16209855410392,69.16934036398257,198054800,
38,2020-02-27,66.02870178222656,69.04142098650374,65.89351637245633,67.85854496748809,320605600,
39,2020-02-28,65.99005126953125,67.20914325476264,61.88860853206062,62.10346116385855,426510000,
40,2020-03-02,72.13378143310547,72.76867383608672,67.04258234775999,68.14338175177791,341397200,
41,2020-03-03,69.84285736083984,73.38665871766685,68.99311238709194,73.3069988099028,319475600,
42,2020-03-04,73.08248901367188,73.24181619852034,70.76260504877715,71.56164999828624,219178400,
43,2020-03-05,70.7118911743164,72.31238961864213,70.34736966221641,71.3395341562257,187572800,
44,2020-03-06,69.77286529541016,70.20497969740977,67.88992061879122,68.07579869358199,226176800,
45,2020-03-09,64.25437927246094,67.1319051551366,63.48912685930832,63.670179502443226,286744800,
46,2020-03-10,68.88206481933594,69.14761010810192,65.02685113261988,66.90256079781972,285290000,
47,2020-03-11,66.48975372314453,67.88748182990133,65.62794159632746,66.96290981260235,255598800,
48,2020-03-12,59.92359924316406,65.17895530003963,59.868077460777144,61.78482214303871,418474000,
49,2020-03-13,67.10293579101562,67.57367559511492,61.06301877546382,63.94538103600016,370732000,
50,2020-03-16,58.470340728759766,62.54281272853614,57.93683739697829,58.40757346412376,322423600,
51,2020-03-17,61.04129409790039,62.187957132183904,57.55059758461941,59.74978379495811,324056000,
52,2020-03-18,59.5470085144043,60.350882714180244,57.2416040580175,57.88132562490314,300233600,
53,2020-03-19,59.09074783325195,61.036459434063396,58.566902685612334,59.72081110917334,271857200,
54,2020-03-20,55.3393440246582,60.79264863512061,55.04000233501268,59.67012006159394,401693200,
55,2020-03-23,54.163700103759766,55.160697700443244,51.32479637531141,55.05930867623348,336752800,
56,2020-03-24,59.59769821166992,59.79323446043245,56.56084169108887,57.05813231967632,287531200,
57,2020-03-25,59.269378662109375,62.34244368334185,58.97486614557388,60.53191772932418,303602000,
58,2020-03-26,62.38832473754883,62.44625922344338,59.472169846872056,59.51079529315195,252087200,
59,2020-03-27,59.805301666259766,61.767909526223264,59.638732669554486,61.01473181958192,204216800,
60,2020-03-30,61.512020111083984,61.683418202528024,60.206026401052306,60.529509863529455,167976400,
61,2020-03-31,61.38648986816406,63.365997685508034,60.833677514674484,61.702731524008335,197002000,
62,2020-04-01,58.156517028808594,60.041877740721404,57.726819101176545,59.50596168562525,176218400,
63,2020-04-02,59.12696075439453,59.18006982201146,57.188490836952404,58.01891951220774,165934000,
64,2020-04-03,58.2772102355957,59.31282945954129,57.68818520309446,58.612760898074754,129880000,
65,2020-04-06,63.36119079589844,63.51568523881815,60.20121917390235,60.568149922006974,201820400,
66,2020-04-07,62.6273193359375,65.5893455207901,62.52351758063344,65.3720764386448,202887200,
67,2020-04-08,64.23023223876953,64.54405384793799,63.06184016051964,63.42635444288139,168895200,
68,2020-04-09,64.69373321533203,65.19585671097452,63.89952086210519,64.86513503536223,161834800,
69,2020-04-13,65.9635238647461,66.07215841536981,64.17230617831575,64.77098966919036,131022800,
70,2020-04-14,69.29486846923828,69.58455560243435,67.12223707141726,67.59297682109842,194994800,
71,2020-04-15,68.66239166259766,69.1210568119712,67.74506136385055,68.17234288135833,131154400,
72,2020-04-16,69.20796966552734,69.57249130619873,68.16027936470277,69.37453866907585,157125200,
73,2020-04-17,68.26890563964844,69.27073604048029,66.83496828577375,68.72516178272222,215250000,
74,2020-04-20,66.85186767578125,67.99853426971617,66.83255863780644,67.09810395402242,130015200,
75,2020-04-21,64.78544616699219,66.92911009651182,64.07571939662287,66.69494844279068,180991600,
76,2020-04-22,66.6515121459961,67.0860355273564,65.71003990834832,66.05041238241853,116862400,
77,2020-04-23,66.3932113647461,68.0154433517939,66.35458591659604,66.59598944224571,124814400,
78,2020-04-24,68.30995178222656,68.31960998543786,66.86877252729914,66.91705617630512,126161200,
79,2020-04-27,68.35823059082031,68.68895219864656,67.58091104598891,68.02750161594408,117087600,
80,2020-04-28,67.25019073486328,69.00036629064134,67.1584635837108,68.81931364694016,112004800,
81,2020-04-29,69.45905303955078,69.92737656274731,68.53206419889801,68.73484231712963,137280800,
82,2020-04-30,70.92434692382812,71.10057413486881,69.60870223992275,69.99735834734561,183064000,
83,2020-05-01,69.78250122070312,72.17963585405194,69.00518177066984,69.10174168301795,240616800,
84,2020-05-04,70.76985931396484,70.89780288941466,69.11866006272429,69.80666159250394,133568000,
85,2020-05-05,71.83203887939453,72.66246767070962,71.08368641004002,71.2285300116976,147751200,
86,2020-05-06,72.57312774658203,73.2031872790944,72.14825527383692,72.53208591439893,142333600,
87,2020-05-07,73.32388305664062,73.6690955962119,72.8966015934725,73.1983559121912,115215200,
88,2020-05-08,75.0691146850586,75.12236750357918,73.65550314168313,73.98228146501447,133838400,
89,2020-05-11,76.25035095214844,76.74414173878206,74.36956400000152,74.57773678757478,145946400,
90,2020-05-12,75.37896728515625,77.38319884408511,75.25793879153254,76.93296900656856,162301200,
91,2020-05-13,74.46883392333984,76.47791143801962,73.39410026175051,75.55809041384309,200622400,
92,2020-05-14,74.92631530761719,74.98682954910396,72.98743664654351,73.70876906438306,158929200,
93,2020-05-15,74.48336791992188,74.5293593473761,72.66794016355354,72.70183169409641,166348400,
94,2020-05-18,76.2382583618164,76.611028150083,75.11511790410643,75.80498172029709,135178400,
95,2020-05-19,75.79774475097656,77.10000541594032,75.76627615398213,76.25522871352638,101729600,
96,2020-05-20,77.27184295654297,77.3420341535439,76.61586330214624,76.65459330065981,111504800,
97,2020-05-21,76.69577026367188,77.67368271832201,76.45855171857032,77.13389289033314,102688800,
98,2020-05-22,77.18953704833984,77.27183551713587,76.33265345783,76.43431323052285,81803200,
99,2020-05-26,76.66670989990234,78.48455279572174,76.61103413521022,78.30543299444078,125522000,
100,2020-05-27,77.00074005126953,77.1459757123096,75.7856167074525,76.52389490649263,112945200,
101,2020-05-28,77.03465270996094,78.29092933411673,76.40046444930317,76.67640563269867,133560800,
102,2020-05-29,76.9595947265625,77.73659554294788,76.60377068012559,77.27668877080987,153532400,
103,2020-06-01,77.90601348876953,78.02704193682199,76.78286594508734,76.91357873734127,80791200,
104,2020-06-02,78.26670837402344,78.29091555107586,77.1992361328535,77.6397816394303,87642800,
105,2020-06-03,78.69757080078125,78.9589964979716,78.0149682866651,78.58622664893751,104491200,
106,2020-06-04,78.01982116699219,78.81860638544032,77.64705128445249,78.52088097581583,87560400,
107,2020-06-05,80.24188995361328,80.30240419943048,78.2400813612976,78.26912701737099,137250400,
108,2020-06-08,80.71631622314453,80.75020774515244,79.23009024878114,79.93931540745123,95654400,
109,2020-06-09,83.26518249511719,83.6573136410901,80.36534445233356,80.39681304328083,147712400,
110,2020-06-10,85.40739440917969,85.8745626649843,83.77350959383725,84.2116321903992,166651600,
111,2020-06-11,81.30695343017578,84.97653882509627,81.20529361612985,84.5529390302518,201662400,
112,2020-06-12,82.00889587402344,84.18740853476542,80.90027823694467,83.44187634114364,200146000,
113,2020-06-15,83.02313232421875,83.67426627857331,80.50331793854433,80.66549938713932,138808800,
114,2020-06-16,85.22343444824219,85.49454452238783,83.44189828296469,85.07336027406866,165428800,
115,2020-06-17,85.10480499267578,86.02704141186865,84.98377651365317,85.96652717235735,114406400,
116,2020-06-18,85.13871002197266,85.55504835135272,84.53114459703605,85.06125001022909,96820400,
117,2020-06-19,84.65215301513672,86.30782159170373,83.5459510308644,85.84307640546994,264476000,
118,2020-06-22,86.86700439453125,87.00981715451016,84.99832384422328,85.04431527047004,135445200,
119,2020-06-23,88.72115325927734,90.13718820813904,87.68998805980996,88.10874933547481,212155600,
120,2020-06-24,87.155029296875,89.26818923809188,86.78225950639512,88.35079128217394,192623200,
121,2020-06-25,88.31205749511719,88.35078749388231,86.55230611311778,87.30994555491553,137522400,
122,2020-06-26,85.59862518310547,88.4282723384794,85.45096655963653,88.2079995637923,205256800,
123,2020-06-29,87.57138061523438,87.66578639039905,85.02978213117639,85.5066347136651,130646000,
124,2020-06-30,88.30239868164062,88.58803158175118,87.14052793069565,87.15988924218063,140223200,
125,2020-07-01,88.13536071777344,88.92204587845694,88.08695375546539,88.37984062385425,110737200,
126,2020-07-02,88.13536071777344,89.67484690422407,88.02160103220285,89.04065881814572,114041600,
127,2020-07-06,90.49299621582031,90.96016437699369,89.5296068531223,89.56107543992535,118655600,
128,2020-07-07,90.21220397949219,91.64759989931855,90.10085985246303,90.87059916943323,112424400,
129,2020-07-08,92.31327056884766,92.34473915860562,91.10056271828748,91.18770707353977,117092000,
130,2020-07-09,92.71024322509766,93.2572869587544,91.66455533300416,93.20403412942578,125642800,
131,2020-07-10,92.8724136352539,92.93051232943125,91.69602034280251,92.30600122922262,90257200,
132,2020-07-13,92.4439926147461,96.7792345052281,92.23098126624099,94.1746987408597,191649200,
133,2020-07-14,93.97380065917969,94.1650203886337,90.89483503243176,91.82674866099546,170989200,
134,2020-07-15,94.62007141113281,96.09419752364778,93.42430934647335,95.84487913129125,153198000,
135,2020-07-16,93.45577239990234,94.31023318785083,92.85789140298706,93.49450240060445,110577600,
136,2020-07-17,93.26697540283203,94.06092201052024,92.79496133182224,93.90600938284572,92186800,
137,2020-07-20,95.23248291015625,95.37045717183655,93.01040144233045,93.35412562962276,90318000,
138,2020-07-21,93.91812133789062,96.09663446170768,93.66880290920021,96.02159737840238,103433200,
139,2020-07-22,94.18196105957031,94.86214066616996,93.53325004616464,93.62038702393836,89001600,
140,2020-07-23,89.89513397216797,93.99315739757402,89.08666444146189,93.91569738113668,197004400,
141,2020-07-24,89.67241668701172,90.016140810345,86.31266499943915,88.0966309470678,185438800,
142,2020-07-27,91.79767608642578,91.88965891007823,90.50993871626743,90.73262697532834,121214000,
143,2020-07-28,90.2896728515625,91.54594911832494,90.2848269844815,91.36924487069622,103625600,
144,2020-07-29,92.0203857421875,92.20435141750036,90.73506372270917,90.77137079362801,90329200,
145,2020-07-30,93.13384246826172,93.23792519284922,90.78830982976133,91.19496376791191,158130000,
146,2020-07-31,102.88389587402344,103.03397001244983,97.62157236005555,99.61612680199143,374336800,
147,2020-08-03,105.47632598876953,108.09053834247213,104.4645296144692,104.7622549635953,308151200,
148,2020-08-04,106.18072509765625,107.26998160372126,104.9438099795325,105.66514250286653,173071600,
149,2020-08-05,106.56558990478516,106.88510690463526,105.43760344433963,105.90235611566642,121776800,
150,2020-08-06,110.28358459472656,110.77738293578851,106.30901285016994,106.8972095786005,202428800,
151,2020-08-07,107.77619934082031,110.26175680038186,106.98082124977309,109.80586800423681,198045600,
152,2020-08-10,109.34270477294922,110.35875275642206,106.69710077257369,109.21903076531765,212403600,
153,2020-08-11,106.09087371826172,109.10506522291367,105.83140397675015,108.60795666047292,187902400,
154,2020-08-12,109.61671447753906,109.87375687982836,106.98565970661953,107.17965145918507,165598000,
155,2020-08-13,111.55667877197266,112.55817781440562,110.50667808377885,110.99409224252035,210082000,
156,2020-08-14,111.4572525024414,111.54697388434195,109.65067355223327,111.38208013380518,165565200,
157,2020-08-17,111.166259765625,112.60182410704658,110.54062998121614,112.57757328432733,119561600,
158,2020-08-18,112.09255981445312,112.51692321018118,110.58425076333872,110.91889279659107,105633600,
159,2020-08-19,112.23321533203125,113.64452867430332,112.13864675565405,112.49995954797271,145538000,
160,2020-08-20,114.7236328125,114.83760501028006,112.25747159683876,112.27444791147464,126907200,
161,2020-08-21,120.63562774658203,121.1181872782855,115.66935990258521,115.68148161330981,338054800,
162,2020-08-24,122.07843780517578,124.91804055011356,120.21609046422509,124.83315898862654,345937600,
163,2020-08-25,121.07694244384766,121.42128630177416,119.35766525675145,120.95327585147248,211495600,
164,2020-08-26,122.7234878540039,123.17937664467517,121.32672345710665,122.39127306939878,163022400,
165,2020-08-27,121.25638580322266,123.65706866628963,120.114236711753,123.3248539361891,155552400,
166,2020-08-28,121.05998992919922,122.64589153107447,120.83689273182479,122.22880256231407,187630000,
167,2020-08-31,125.16539764404297,127.06655257654671,122.21668415759454,123.74924435405829,225702700,
168,2020-09-01,130.1510772705078,130.75247109042868,126.61067882372832,128.77371625173845,151948100,
169,2020-09-02,127.45450592041016,133.83693302305636,123.18662864355862,133.45864396806553,200119000,
170,2020-09-03,117.25040435791016,124.97139321089942,116.88181705951085,123.09935129507485,257599600,
171,2020-09-04,117.32801055908203,119.98573625952378,107.56037630423063,116.46473461185484,332607200,
172,2020-09-08,109.43241882324219,115.41715402612338,109.29662311428591,110.52848630276392,231366600,
173,2020-09-09,113.79729461669922,115.56264615107492,111.79915150644727,113.73909857280785,176940500,
174,2020-09-10,110.08230590820312,116.88182317054356,109.12203408038299,116.74602745349068,182274400,
175,2020-09-11,108.63703155517578,111.77004920348398,106.69708456311906,111.12986314395623,180860300,
176,2020-09-14,111.8961410522461,112.44902563888213,109.413011315819,111.27535861813932,140150100,
177,2020-09-15,112.07077026367188,115.26198485471991,110.19872059172918,114.77699796976391,184642000,
178,2020-09-16,108.76314544677734,112.51694623083202,108.6758513682307,111.77006975767836,154679000,
179,2020-09-17,107.02689361572266,108.83104527474275,105.4458391619844,106.42551466292394,178011000,
180,2020-09-18,103.6319580078125,107.55065156434694,102.90447793321525,107.08506846077829,287104900,
181,2020-09-21,106.77470397949219,106.88140167582651,100.0042844680874,101.40104892896447,195713800,
182,2020-09-22,108.45275115966797,109.47122644967507,105.8823269140235,109.29663089711133,183055400,
183,2020-09-23,103.9035873413086,108.74375412227577,103.56409061974239,108.26846907252015,150718700,
184,2020-09-24,104.97056579589844,106.93961142539536,101.847248976567,102.01214274645399,167743300,
185,2020-09-25,108.90864562988281,109.06384497371614,104.4370662899755,105.17424837255975,149981400,
186,2020-09-28,111.5081787109375,111.85736984450415,109.39363569114487,111.55668035738763,137672400,
187,2020-09-29,110.66427612304688,111.84764500982021,110.15989314523581,111.11047045765872,99382200,
188,2020-09-30,112.33263397216797,113.73910005377913,110.20839693905525,110.37329066576835,142675200,
189,2020-10-01,113.28321838378906,114.18529413378772,112.35204460964711,114.10769446919807,116120400,
190,2020-10-02,109.62642669677734,111.90587086149135,108.85045216012577,109.50033277715342,144712000,
191,2020-10-05,113.00191497802734,113.14741248595817,110.14049605673375,110.48968711564349,106243800,
192,2020-10-06,109.76221466064453,112.63333559022071,108.87953514429641,112.22594105943094,161498200,
193,2020-10-07,111.62458038330078,112.08046922763401,110.70310088509402,111.17839334850785,96849000,
194,2020-10-08,111.51786041259766,112.90492288741173,111.14926572678705,112.75942537460811,83477200,
195,2020-10-09,113.45781707763672,113.48691510258755,111.46936816913343,111.81855926916633,100506900,
196,2020-10-12,120.66473388671875,121.42131221454332,115.69846570876324,116.45504403658781,240226800,
197,2020-10-13,117.46380615234375,121.62499394990238,116.05734733652297,121.50859444916024,262330500,
198,2020-10-14,117.55110931396484,119.33585728240598,116.02825097556021,117.36681195189107,150712000,
199,2020-10-15,117.08551025390625,117.56079523723751,114.60238025084043,115.15526489684527,112559200,
200,2020-10-16,115.44625091552734,117.90029026113083,115.24255735409358,117.63839325335097,115393800,
201,2020-10-19,112.49755096435547,116.80422908289772,112.1871596819352,116.35804207693808,120639300,
202,2020-10-20,113.98161315917969,115.4074757022461,112.15805784138063,112.71094256212962,124423700,
203,2020-10-21,113.36082458496094,115.14557257156684,112.9534300225298,113.16682541230045,89946000,
204,2020-10-22,112.27445983886719,114.49570058030427,111.14928675399084,113.92341222842757,101988000,
205,2020-10-23,111.58576965332031,113.05043193781697,110.84858760677534,112.89523260157101,82572600,
206,2020-10-26,111.59546661376953,113.05042702646372,109.49061825916863,110.58669317293085,111850700,
207,2020-10-27,113.09892272949219,113.75850508779021,111.10077943831497,112.02225141814819,92276800,
208,2020-10-28,107.86107635498047,111.96406850952522,107.76408046155812,111.59548115439539,143937800,
209,2020-10-29,111.85735321044922,113.41901126991604,108.83103296967955,108.99593410290058,146129200,
210,2020-10-30,105.59133911132812,108.6273541724171,104.4855696692542,107.72527832227131,190272600,
211,2020-11-02,105.5040283203125,107.35668150297613,104.09756951905206,105.83382320217856,122866900,
212,2020-11-03,107.1238784790039,108.14234624016166,105.46522463913784,106.36730031348367,107624400,
213,2020-11-04,111.49846649169922,112.11924902667879,108.97653651830575,110.71279021468385,138235500,
214,2020-11-05,115.45596313476562,116.02825144019144,113.36082388514865,114.40838980980128,126387100,
215,2020-11-06,115.32479858398438,115.82033327578648,112.83737692583377,114.96528648231298,114457900,
216,2020-11-09,113.0219955444336,118.53123307425452,112.75965407719045,117.08348090470506,154515300,
217,2020-11-10,112.6819076538086,114.25597110360664,110.89407325748324,112.27381767890381,138023400,
218,2020-11-11,116.10210418701172,116.23813418126791,113.13858512576901,113.86732041488949,112295000,
219,2020-11-12,115.83003997802734,117.1126137436234,115.20818648034917,116.22841881317535,103162300,
220,2020-11-13,115.87863159179688,116.27700303551688,114.52804275815001,116.05352836084144,81581900,
221,2020-11-16,116.88914489746094,117.55957633149036,114.80010222486767,115.54826720324448,91183000,
222,2020-11-17,116.00494384765625,117.24865091924097,115.5871353083196,116.16041093814378,74271000,
223,2020-11-18,114.68350982666016,116.42275908285534,114.65436159878705,115.24706694247119,76322100,
224,2020-11-19,115.27621459960938,115.68430461397098,113.49809857736044,114.25598215062608,74113000,
225,2020-11-20,114.01304626464844,115.40250165957605,113.96446836639701,115.27619022842907,73604300,
226,2020-11-23,110.62203216552734,114.28514625847261,110.52486892820643,113.85761911856477,127959300,
227,2020-11-24,111.90458679199219,112.56530706965945,109.39773567263003,110.68031687022992,113874200,
228,2020-11-25,112.7402114868164,113.43979858279869,111.90459439029078,112.27382503154757,76499200,
229,2020-11-27,113.2843246459961,114.15880846315034,112.92481998616722,113.26489496698315,46691300,
230,2020-11-30,115.6745834350586,117.54014397849063,113.49808872130923,113.65355580646789,169410200,
231,2020-12-01,119.24052429199219,119.96925956195165,116.60736173944143,117.57900876605405,127728200,
232,2020-12-02,119.59033203125,119.87211059203429,117.46242241782213,118.56038101970898,89004200,
233,2020-12-03,119.45430755615234,120.270487635051,118.74500184780301,120.01785729073868,78967600,
234,2020-12-04,118.7838363647461,119.37654158096201,118.07453084903473,119.1239113052607,78260400,
235,2020-12-07,120.2413330078125,121.038083362331,118.7838623046875,118.84215876062711,86712000,
236,2020-12-08,120.85346221923828,121.43645640289948,119.6000365852931,120.84375108576852,82225500,
237,2020-12-09,118.32717895507812,122.37894545635208,117.5692954268489,120.99920839659741,115089200,
238,2020-12-10,119.74578857421875,120.35793100204793,116.74340254220034,117.08347755039478,81312200,
239,2020-12-11,118.9393310546875,119.27940607418536,117.13206676469383,118.95876073591047,86939800,
240,2020-12-14,118.32717895507812,119.85266455789507,118.09398573402578,119.12392925566253,79184500,
241,2020-12-15,124.25423431396484,124.27367140820184,120.61055751786674,120.81460252887871,157243700,
242,2020-12-16,124.18621826171875,124.73033828648967,122.97165933994127,123.79756533721344,98208600,
243,2020-12-17,125.05097961425781,125.90603381216341,124.40968896582861,125.24530607028412,94359800,
244,2020-12-18,123.0688247680664,125.43964605507787,122.5441344465272,125.30361605465058,192541500,
245,2020-12-21,124.59429168701172,124.67202522679207,119.94982017477122,121.47530568083864,121251600,
246,2020-12-22,128.14080810546875,130.599073771845,125.9740246713456,127.8784592702847,168904800,
247,2020-12-23,127.24689483642578,128.67520225485305,127.07199067068275,128.41286824547294,88223700,
248,2020-12-24,128.22830200195312,129.67606189128196,127.38297355158525,127.59673715473882,54930100,
249,2020-12-28,132.81442260742188,133.44598718799116,129.7245776284665,130.19097883452193,124486200,
250,2020-12-29,131.04603576660156,134.85489050709643,130.53106400488656,134.13588116304936,121047300,
251,2020-12-30,129.9286651611328,132.13430846309575,129.61773093964035,131.73592955161843,96452100,
252,2020-12-31,128.9278564453125,130.91973597132423,127.98535756948488,130.27844532518537,99116600,
253,2021-01-04,125.74083709716797,129.82175137838865,123.1659711614339,129.73430670995643,143301900,
254,2021-01-05,127.29544830322266,128.0047611775627,124.78859765458681,125.23556172847019,97664900,
255,2021-01-06,123.01053619384766,127.33437075749549,122.79677262000745,124.09878374563415,155088000,
256,2021-01-07,127.20805358886719,127.89792964576662,124.23481543686934,124.720639051932,109578200,
257,2021-01-08,128.3059539794922,128.8695108634262,126.53754980995937,128.6751696560229,105158200,
258,2021-01-11,125.32302856445312,126.47929089114106,124.85664214589357,125.5270809622862,100384500,
259,2021-01-12,125.14813232421875,126.01289753186738,123.26313483591238,124.85663526886566,91951100,
260,2021-01-13,127.17886352539062,127.72298342309901,124.84691687059603,125.10925086160563,88636800,
261,2021-01-14,125.2550277709961,127.28576659581172,125.10927181431389,127.09144014639318,90221800,
262,2021-01-15,123.53520965576172,126.52788445335536,123.39917965706009,125.12871028033413,111598500,
263,2021-01-19,124.20565795898438,125.06071220220736,123.34089258160077,124.15707263586324,90757300,
264,2021-01-20,128.2865753173828,128.7335395413519,124.90524730001776,125.01212908230433,104319500,
265,2021-01-21,132.98931884765625,135.70993338633443,129.80231790485385,130.00637029637122,120150900,
266,2021-01-22,135.12696838378906,135.88485193048166,131.19179469063414,132.4160646907934,114459400,
267,2021-01-25,138.86782836914062,140.97630120112478,132.66871393860882,139.013584357772,157611700,
268,2021-01-26,139.10096740722656,140.20864422957436,137.3617112330404,139.52849439587914,98390600,
269,2021-01-27,138.0321502685547,140.208644567784,136.42893888339475,139.36330171958025,140843800,
270,2021-01-28,133.20310974121094,137.9641898687069,132.82416793009364,135.56422012291074,142621100,
271,2021-01-29,128.2185516357422,132.86302336292994,126.51816929301403,131.9788209864335,177523800,
272,2021-02-01,130.33673095703125,131.54157860190338,127.21773749244758,129.9577892114423,106239800,
273,2021-02-02,131.1626739501953,132.44524067254102,130.79344323298977,131.88168346118144,83305400,
274,2021-02-03,130.1424102783203,131.92052618668296,129.82176496768204,131.9108002272906,89880900,
275,2021-02-04,133.49456787109375,133.50427900274144,130.77395356806818,132.43547630144383,84183100,
276,2021-02-05,133.08102416992188,133.7232731231055,132.20524094162676,133.65516390896917,75693800,
277,2021-02-08,133.2269744873047,133.2756324021585,131.29050232328603,132.3706427004726,71297200,
278,2021-02-09,132.3511962890625,134.17090160726997,132.19551172596402,132.94478730279516,76774200,
279,2021-02-10,131.74786376953125,133.3048279995829,130.7844904817518,132.80853804149436,73046600,
280,2021-02-11,131.494873046875,132.72097244544923,130.17145780866096,132.24414858851415,64280000,
281,2021-02-12,131.72842407226562,131.88412349618312,130.09362466607496,130.73587365349886,60145100,
282,2021-02-16,129.60707092285156,132.35120265140839,129.21782237561078,131.84520181246612,80576300,
283,2021-02-17,127.32025146484375,128.66313264506522,125.98711077615506,127.71922556162117,97918500,
284,2021-02-18,126.22068786621094,126.50288006540657,123.98255701846796,125.7243978338029,96856700,
285,2021-02-19,126.3763656616211,127.19378012757379,125.33515742569439,126.73642239782728,87668800,
286,2021-02-22,122.6104736328125,126.23040308983671,122.22123254914695,124.56639727156255,103916400,
287,2021-02-23,122.47425842285156,123.30139120748287,115.2052066551197,120.43075171253977,158273000,
288,2021-02-24,121.97796630859375,122.1823162213377,118.94190197736167,121.57899955251936,111039900,
289,2021-02-25,117.7352523803711,123.05810538980377,117.29736077604736,121.32599026278942,148199500,
290,2021-02-26,117.99797058105469,121.49139194672976,117.93957960066368,119.29218643059886,164560400,
291,2021-03-01,124.35231018066406,124.48854343367245,119.48681564706342,120.42098970661608,116307900,
292,2021-03-02,121.75416564941406,125.25732102772348,121.64712415132996,124.95566267357219,102260900,
293,2021-03-03,118.77647399902344,122.32828720569532,118.56239100874602,121.45249652917722,112966300,
294,2021-03-04,116.89837646484375,120.2750310748952,115.42900236715201,118.47479946720621,178155000,
295,2021-03-05,118.15367889404297,118.65969453198089,114.40724922583529,117.72552038212189,153766600,
296,2021-03-08,113.22979736328125,117.74497601487798,113.08383103215061,117.67685938357114,154376600,
297,2021-03-09,117.83257293701172,118.77648030379827,115.5944493383936,115.82799105647607,129525800,
298,2021-03-10,116.75242614746094,118.88350799775948,116.23667741969722,118.41642461584055,111943300,
299,2021-03-11,118.67915344238281,119.89552719538874,117.99798711036199,119.24355264557505,103026500,
300,2021-03-12,117.77418518066406,117.91041846338683,115.95449457965704,117.16113540841165,88105100,
301,2021-03-15,120.6545639038086,120.66429697426416,117.18060016691906,118.14397368976827,92403800,
302,2021-03-16,122.19204711914062,123.79766203262986,121.36491441345117,122.31854732264155,115227900,
303,2021-03-17,121.40383911132812,122.47424657756945,119.04893377660937,120.71293967926185,111932600,
304,2021-03-18,117.28760528564453,119.86631876877308,117.08325541441393,119.5743861389264,121229700,
305,2021-03-19,116.76213836669922,118.16340319964601,116.46048007455593,116.67456302671786,185549500,
306,2021-03-22,120.07068634033203,120.53777713211232,117.02488910943605,117.09300574322106,111912300,
307,2021-03-23,119.24356079101562,120.89782623844285,118.8543196786337,120.0123099463268,95467100,
308,2021-03-24,116.85945892333984,119.59387224546333,116.84000020937296,119.51602254128295,88530500,
309,2021-03-25,117.34601593017578,118.38723908571315,115.79879193762964,116.32426633816141,98844700,
310,2021-03-26,117.94934844970703,118.21208938078492,115.72095047944185,117.11248257706046,94071200,
311,2021-03-29,118.12448120117188,119.28247132989765,117.48223975334861,118.37748900748083,80819200,
312,2021-03-30,116.67456817626953,117.16111766205535,115.66254435493632,116.87891806940085,85671900,
313,2021-03-31,118.86405944824219,120.19720049628938,117.8909603245139,118.37750988637804,118323800,
314,2021-04-01,119.6911849975586,120.8394421912494,119.19490239563412,120.33343394406754,75089100,
315,2021-04-05,122.51318359375,122.76619144970482,119.75931123714496,120.53779352124103,88651200,
316,2021-04-06,122.8148193359375,123.71006860087718,122.26988629191437,123.09701892635115,80171300,
317,2021-04-07,124.45938110351562,124.47883981962588,121.77362540670963,122.44506618695044,83466700,
318,2021-04-08,126.85320281982422,126.88239460577601,125.06270398931379,125.48112948683244,88844600,
319,2021-04-09,129.42218017578125,129.46109760648577,125.9871415439433,126.30826602843275,106686700,
320,2021-04-12,127.70952606201172,129.2762161435529,127.11593504109703,128.95509167174853,91420000,
321,2021-04-13,130.81370544433594,131.03752892907758,128.380957683949,128.87724772998885,91266500,
322,2021-04-14,128.47825622558594,131.36836136344672,128.11821435701262,131.3099778007929,87222800,
323,2021-04-15,130.8817901611328,131.3683395669363,130.04492458921848,130.22009009642866,89347100,
324,2021-04-16,130.5509796142578,131.04725481288563,129.69464764958488,130.68721289515452,84922400,
325,2021-04-19,131.21266174316406,131.82571884662076,129.75301328602865,129.91843832937323,94264200,
326,2021-04-20,129.5291748046875,131.88407199058656,128.26414346394938,131.3877969750169,94812300,
327,2021-04-21,129.9087371826172,130.15201197134868,127.76792201144299,128.79940473993418,68847100,
328,2021-04-22,128.3906707763672,130.5412110225183,127.87492954910141,129.46107065350094,84566500,
329,2021-04-23,130.70663452148438,131.48510166245782,128.60473760491465,128.60473760491465,78657500,
330,2021-04-26,131.0959014892578,131.426751593288,129.9671030596472,131.20294297565732,66905100,
331,2021-04-27,130.7747802734375,131.76734545845767,130.5023137282654,131.37809693084532,66015800,
332,2021-04-28,129.9866180419922,131.38788353656335,129.50006834795045,130.69697643776402,107760100,
333,2021-04-29,129.88922119140625,133.38265710155315,128.88693063436986,132.79879189335512,151101000,
334,2021-04-30,127.923583984375,129.96708270240345,127.54407601900469,128.23496790165584,109839500,
335,2021-05-03,128.9745330810547,130.46338819019584,128.28364111599663,128.48798358801744,75135100,
336,2021-05-04,124.41070556640625,127.95279275381809,123.29164023246338,127.66086008438737,137564700,
337,2021-05-05,124.65397644042969,126.94074997232987,124.52746883053813,125.7243763335603,84000900,
338,2021-05-06,126.24987030029297,126.25959594495404,123.71007387822482,124.44963120105919,78128300,
339,2021-05-07,126.92243957519531,127.9459170756659,126.21086004578889,127.54628013792039,78973300,
340,2021-05-10,123.64727020263672,126.26934761190338,123.6082792363769,126.14263998590019,88071200,
341,2021-05-11,122.73102569580078,123.08192956770212,119.67029762868589,120.38186984814409,126142800,
342,2021-05-12,119.6702880859375,121.4930768252382,119.16342036759427,120.28438654552215,112172300,
343,2021-05-13,121.81473541259766,122.96494285084451,121.12266251691543,121.43458279999426,105861300,
344,2021-05-14,124.23213958740234,124.66103284772763,122.67253787272075,123.06244016058305,81918000,
345,2021-05-17,123.08190155029297,123.72524128199667,122.00967610088587,123.6180179933794,74244600,
346,2021-05-18,121.6977767944336,123.78374532662899,121.62954445690447,123.36460169987382,63342900,
347,2021-05-19,121.54181671142578,121.76600548369002,119.75801895076617,120.050447495282,92612000,
348,2021-05-20,124.09566497802734,124.49531683623646,121.94146411990351,122.06818662946591,76857100,
349,2021-05-21,122.26314544677734,124.76825782596866,122.04869881375613,124.59280216593018,79295400,
350,2021-05-24,123.89096069335938,124.70975612799803,122.76025239580743,122.82848472896345,63092900,
351,2021-05-25,123.6960220336914,125.08017543327662,123.1306641265909,124.59279202902988,72009500,
352,2021-05-26,123.64727020263672,124.17363709199465,123.22812661130169,123.75449350065962,56575900,
353,2021-05-27,122.1169204711914,124.41733561849655,121.92197306010468,123.24763627844212,94625600,
354,2021-05-28,121.46382904052734,122.6237861257757,121.40534630909178,122.3995899273286,71311100,
355,2021-06-01,121.14215850830078,122.1851426884376,120.81074644955004,121.92196296159237,67637100,
356,2021-06-02,121.90247344970703,122.07792909380578,120.91797935921073,121.14216813753484,59278900,
357,2021-06-03,120.4208755493164,121.69779842291418,120.02122361792783,121.53209235043185,76229200,
358,2021-06-04,122.71151733398438,122.97470451422886,120.72302254551224,120.93746915555829,75169300,
359,2021-06-07,122.72128295898438,123.13067702974456,121.6782985767518,122.98446273682511,71057600,
360,2021-06-08,123.54006958007812,125.21665168991701,123.02345219665295,123.40360489150423,74403800,
361,2021-06-09,123.92020416259766,124.52455300706954,123.32560491924683,123.99818609803275,56877900,
362,2021-06-10,122.92595672607422,124.95344236430199,122.7602506959565,123.81297704481983,71186400,
363,2021-06-11,124.13465118408203,124.22238272093318,122.91621132668672,123.33535493510138,53522400,
364,2021-06-14,127.18560028076172,127.24408300420586,123.8617007821636,124.59276457227712,96906500,
365,2021-06-15,126.36685180664062,127.30262029411195,126.1231638006209,126.65928038857137,62746300,
366,2021-06-16,126.86394500732422,127.58526671760069,125.21662690472674,127.07839160028391,91815000,
367,2021-06-17,128.46253967285156,129.20336059736883,126.37657131032402,126.52279301183641,96721700,
368,2021-06-18,127.16613006591797,128.1896075868194,126.95168347380675,127.40981802299594,108953300,
369,2021-06-21,128.95970153808594,129.06692486047993,125.94772121838587,127.01019740258512,79663300,
370,2021-06-22,130.59725952148438,130.69474066397615,128.29684436989922,128.7939773736595,74783600,
371,2021-06-23,130.32435607910156,130.92871251033458,129.86622139067492,130.39259586711862,60214200,
372,2021-06-24,130.0416259765625,131.240566385548,129.57373445842103,131.05536118547494,68711000,
373,2021-06-25,129.7491912841797,130.50949637284592,129.4567628177243,130.09036030729925,70783700,
374,2021-06-28,131.37704467773438,131.83517920756188,129.9831567614525,130.04163948891443,62111300,
375,2021-06-29,132.88792419433594,133.0438880631515,130.9579196567259,131.3965550234282,64556100,
376,2021-06-30,133.50196838378906,133.9406035722535,132.4394779735636,132.7319063903823,63261400,
377,2021-07-01,133.80419921875,133.86268195374564,132.3323143115352,133.15111722207564,52485800,
378,2021-07-02,136.42628479003906,136.46526832234767,134.27207651002422,134.41828334809892,78852600,
379,2021-07-06,138.4342803955078,139.53574001915328,136.53351700878477,136.53351700878477,108181800,
380,2021-07-07,140.91989135742188,141.23180423568894,139.0581116318865,139.91588320227135,104911600,
381,2021-07-08,139.6234130859375,140.4227015981412,137.1182945401245,138.00532199301355,105575500,
382,2021-07-09,141.4462432861328,141.97260274724476,139.04834716131978,139.1458282969305,99890800,
383,2021-07-12,140.85165405273438,142.62570970674338,140.364278087154,142.51848639937432,76299700,
384,2021-07-13,141.96286010742188,143.7369156295679,140.00361422588887,140.39350901995923,100827100,
385,2021-07-14,145.38426208496094,145.79367103404422,143.95137538377713,144.36078433286042,127050800,
386,2021-07-15,144.73117065429688,146.21279783696795,143.3762659892824,145.47199168239987,106820300,
387,2021-07-16,142.69393920898438,145.97884856339024,142.1968210625346,144.7116829108476,93251400,
388,2021-07-19,138.85337829589844,140.43248618215895,138.09307315098926,140.12055849525734,121434600,
389,2021-07-20,142.45999145507812,143.38601770583355,139.35054523026795,139.83792120496685,96350000,
390,2021-07-21,141.7289581298828,142.44053791570667,140.97840967554887,141.8556806702285,74993500,
391,2021-07-22,143.0935821533203,144.4582288663732,142.12857241610413,142.25529492286392,77338200,
392,2021-07-23,144.80914306640625,144.9651069434816,143.2105505102186,143.82464898024415,71447400,
393,2021-07-26,145.22830200195312,146.04709009069717,143.97086362595675,144.52647939059113,72434100,
394,2021-07-27,143.0643768310547,145.44277445035308,141.87517802140547,145.35503545320321,104818600,
395,2021-07-28,141.31951904296875,143.25928057886588,138.94112214929507,141.15381301329907,118931200,
396,2021-07-29,141.96286010742188,142.8498878684949,140.92962551695572,141.03684881635502,56699500,
397,2021-07-30,142.17733764648438,142.63547230965827,140.47152152252852,140.73470874624329,70440600,
398,2021-08-02,141.8459014892578,143.2397895751834,141.582714310116,142.6646895204393,62880000,
399,2021-08-03,143.63941955566406,144.30224361135603,141.51445299043982,142.12855135709023,64786600,
400,2021-08-04,143.23980712890625,144.05859526042843,142.58672505684436,143.55173491626834,56368300,
401,2021-08-05,143.3470001220703,144.10730535100612,142.47947159810346,143.2690181917266,46397700,
402,2021-08-06,142.66366577148438,143.61059289976055,142.16580285802874,142.86867690985883,54126800,
403,2021-08-09,142.6148681640625,143.21035833317768,142.05843483321482,142.72225212556916,48908700,
404,2021-08-10,142.1365203857422,144.19632898598317,141.84365370926938,142.95653516321173,69023100,
405,2021-08-11,142.39031982421875,143.22986295766566,142.0681679932176,142.57580253562702,48493500,
406,2021-08-12,145.34823608398438,145.5044336133679,142.37078584930737,142.71246608285676,72282600,
407,2021-08-13,145.5532684326172,145.88517705910473,144.7430103885552,145.42635605950554,59375000,
408,2021-08-16,147.5251922607422,147.59353426907154,142.9858112009547,145.0065628373872,103296000,
409,2021-08-17,146.6173095703125,148.07185618392833,145.54347021491796,146.65635150331968,92229700,
410,2021-08-18,142.87844848632812,147.13473517673972,142.67343732669485,146.2366215497856,86326000,
411,2021-08-19,143.2103271484375,144.4794059910355,141.06266328178802,141.58005455752308,86960300,
412,2021-08-20,144.66490173339844,144.9675251601663,143.28843882859866,143.9327425154178,60549600,
413,2021-08-23,146.1487579345703,146.61733569322215,144.37204430196212,144.7820517027598,60131800,
414,2021-08-24,146.06088256835938,147.27139120779157,145.60206158624175,145.89492826143862,48606400,
415,2021-08-25,144.8308868408203,146.7442698916124,144.28421022511418,146.24639198416384,58991300,
416,2021-08-26,144.03036499023438,145.57278230599707,144.00107981111,144.82110951404735,48597200,
417,2021-08-27,145.06521606445312,145.21164201403687,143.33731538024531,143.97184768954008,55802400,
418,2021-08-30,149.47764587402344,149.83885461039787,145.07493307828,145.45565533870288,90956700,
419,2021-08-31,148.2183380126953,149.16526528048843,147.69117494824357,149.02859613337498,86453100,
420,2021-09-01,148.88211059570312,151.29335581344367,148.71615631662897,149.19450563571235,80313700,
421,2021-09-02,149.99501037597656,151.03956466217258,148.77474502994417,150.20977826854366,71115500,
422,2021-09-03,150.62954711914062,150.9516989362315,149.44832378980732,150.10238418360416,57808700,
423,2021-09-07,152.9626922607422,153.5191254698615,150.71740121777114,151.2836060822293,82278300,
424,2021-09-08,151.42027282714844,153.30435519689405,150.31714828986404,153.24578484904103,74420200,
425,2021-09-09,150.40501403808594,152.39648028234163,150.28785845020124,151.79123351222952,57305700,
426,2021-09-10,145.42636108398438,151.7814983871202,145.1627795675759,151.31292061025323,140893200,
427,2021-09-13,145.99253845214844,147.8180505115286,145.21156570783384,147.04684942260073,102404300,
428,2021-09-14,144.59657287597656,147.4764113119793,143.41536423851278,146.77353720711707,109296300,
429,2021-09-15,145.48492431640625,145.8851749521173,142.88819590848047,145.02610332343372,83281300,
430,2021-09-16,145.25064086914062,145.42636685232276,143.71799510025087,144.90897545621797,68034100,
431,2021-09-17,142.58555603027344,145.27991132028194,142.29268938190515,145.27991132028194,129868800,
432,2021-09-20,139.53981018066406,141.39460787991925,137.909537174392,140.37935348466607,123478900,
433,2021-09-21,140.0181121826172,141.1602935933769,139.38358019514303,140.50621829477157,75834000,
434,2021-09-22,142.38058471679688,142.94677480134484,140.28171911608493,141.01387841720836,76404300,
435,2021-09-23,143.3372344970703,143.58128753921014,142.17553963315416,143.16150856090553,64838200,
436,2021-09-24,143.42510986328125,143.96202960944674,142.09746053449825,142.1950877231893,53477900,
437,2021-09-27,141.9119873046875,142.48796392317834,140.39887004950094,142.00961449990794,74150700,
438,2021-09-28,138.5343017578125,141.30674132874793,138.31953384357482,139.8424227657557,108972300,
439,2021-09-29,139.43240356445312,141.0138627120859,138.6514307510702,139.08096654322168,74602000,
440,2021-09-30,138.13401794433594,140.94551367693097,137.91925008166186,140.2426397437822,89056700,
441,2021-10-01,139.25668334960938,139.5202648503588,135.80089824481317,138.52452409983053,94639600,
442,2021-10-04,135.83016967773438,138.8271483868743,134.98086980059804,138.38784096480848,98322000,
443,2021-10-05,137.75331115722656,138.8564357660988,136.04493972017434,136.17185207930245,80861100,
444,2021-10-06,138.62216186523438,138.76858776803195,135.07850605934124,136.15234566592073,83221100,
445,2021-10-07,139.8814697265625,140.78935501402486,139.32503639848235,139.6569450430087,61732700,
446,2021-10-08,139.50074768066406,140.75029837603776,139.16883903566588,140.60387247260306,58773200,
447,2021-10-11,139.41287231445312,141.36529686032225,138.43666004151856,138.88572424122802,64452200,
448,2021-10-12,138.14381408691406,139.84242905892054,137.68499305819657,139.82290063970592,73035900,
449,2021-10-13,137.55809020996094,138.03642474342516,135.88876048394778,137.88024208325538,78762700,
450,2021-10-14,140.3402862548828,140.45744186952987,138.1438084019397,138.72954178771872,69907100,
451,2021-10-15,141.3946075439453,141.45317790755652,140.09624319922384,140.35006796929892,67940300,
452,2021-10-18,143.06394958496094,143.34704466516118,139.75458969636082,140.03768477656104,85589200,
453,2021-10-19,145.2213592529297,145.62160993395176,143.06393807186709,143.51298745891924,76378900,
454,2021-10-20,145.70945739746094,146.18780683574556,144.59657585778285,145.16278083703227,58418800,
455,2021-10-21,145.92420959472656,146.0804071368253,144.35250720492448,145.27014914498275,61421000,
456,2021-10-22,145.15301513671875,146.6075619891813,145.1042015405824,146.12922747617256,58883400,
457,2021-10-25,145.10421752929688,145.8168484447923,144.1084766625064,145.14325947301697,50720600,
458,2021-10-26,145.76803588867188,147.2518679421637,145.46539754636262,145.77779264971988,60893400,
459,2021-10-27,145.30921936035156,146.16827612937263,144.9577823061733,145.80708231384622,56094900,
460,2021-10-28,148.9407196044922,149.52643805425132,146.1585085567286,146.256135746264,100077900,
461,2021-10-29,146.23658752441406,146.3732566337639,142.927228830471,143.7179583128391,124953200,
462,2021-11-01,145.41661071777344,146.13899838558393,144.2842007193759,145.44589589912687,74588300,
463,2021-11-02,146.45138549804688,147.96451766703325,145.11396440756303,145.12373606469237,69122000,
464,2021-11-03,147.88641357421875,148.35499132920407,146.25614074482093,146.81257403590004,54511500,
465,2021-11-04,147.36903381347656,148.80405236999567,147.05663868837075,147.9742807485948,60394600,
466,2021-11-05,147.89691162109375,148.7963357946924,146.7041933888627,148.49327073720926,65463900,
467,2021-11-08,147.07571411132812,148.18044870579655,146.80197694204415,148.02402320404659,55020900,
468,2021-11-09,147.43743896484375,148.0435691533501,146.70421118808,146.84107977637362,56787900,
469,2021-11-10,144.61204528808594,146.77262935345158,144.54361846371455,146.6650887001066,65187100,
470,2021-11-11,144.56314086914062,146.088251806216,144.37738750057707,145.62877625970734,41000000,
471,2021-11-12,146.63577270507812,147.03659252052734,144.18189439318962,145.11064651980587,63804000,
472,2021-11-15,146.64556884765625,148.483531417499,146.08830852560698,147.00728981052836,59222800,
473,2021-11-16,147.62318420410156,148.1022316953491,146.00030323462437,146.58689139053743,59256200,
474,2021-11-17,150.05752563476562,151.53375230300938,147.61343285568483,147.6232038564801,88807000,
475,2021-11-18,154.33956909179688,155.12168178008048,149.627365877677,150.2726099643279,137827700,
476,2021-11-19,156.95962524414062,157.41911583313842,153.02952027938457,154.12446895909494,117305600,
477,2021-11-22,157.41912841796875,161.99446283900974,157.39957149925132,158.0643575600625,117467900,
478,2021-11-23,157.8004150390625,158.18169292863084,155.502961782972,157.51689191338718,96041900,
479,2021-11-24,158.31854248046875,158.5140669022848,156.0699743356913,157.1551520319611,69463600,
480,2021-11-26,153.3032684326172,156.8618668141861,152.8633347292546,156.00155632601601,76959800,
481,2021-11-29,156.6565704345703,157.58532267329434,155.2389847402696,155.8060160344783,88748200,
482,2021-11-30,161.60342407226562,161.8185054389282,156.34373142534065,156.41217318635103,174048100,
483,2021-12-01,161.08526611328125,166.49159798116264,160.85062784337472,163.7346542506034,152052500,
484,2021-12-02,160.09783935546875,160.52800204808736,154.27113083970096,155.19011206164845,136739200,
485,2021-12-03,158.2207794189453,161.27101721338744,156.14819360952984,160.35203598315746,118023100,
486,2021-12-06,161.6229705810547,164.12571914002814,160.6062196554979,160.61599065605895,107497000,
487,2021-12-07,167.3519287109375,167.74299254141582,164.57544264356054,165.2988995417756,120405400,
488,2021-12-08,171.16470336914062,172.02502878126478,166.88264814477856,168.2806769394803,116998900,
489,2021-12-09,170.65634155273438,172.7973693361273,170.03065436230736,170.9985205283445,108923700,
490,2021-12-10,175.4369659423828,175.61294836881706,170.78341894665584,171.29179439045112,115402700,
491,2021-12-13,171.80995178222656,178.05705234389498,171.60464142456377,177.06962931153166,153237000,
492,2021-12-14,170.43145751953125,173.76520322122326,168.35887188331523,171.3308817563336,139380400,
493,2021-12-15,175.29031372070312,175.48583813344078,168.45662585148168,171.1940123824784,131063300,
494,2021-12-16,168.4077606201172,177.08918279763162,166.93153397693786,175.27077720416733,150185800,
495,2021-12-17,167.3127899169922,169.59068583995455,165.89521929851176,166.12984262332955,195432700,
496,2021-12-20,165.95391845703125,166.76535914150864,163.71513578207376,164.51679054709132,107499100,
497,2021-12-21,169.12144470214844,169.3267401361631,165.3379790393109,167.72341591348743,91185900,
498,2021-12-22,171.712158203125,171.92723953166936,168.30019977990446,169.17029609354066,92135300,
499,2021-12-23,172.3378448486328,172.89510508509778,171.35043687369296,171.91746810959268,68356600,
500,2021-12-27,176.29730224609375,176.3852860059842,173.1102106304085,173.12975263201184,74919600,
501,2021-12-28,175.28054809570312,177.2749361221624,174.5375492742612,176.1311025117923,79144300,
502,2021-12-29,175.3685302734375,176.59057652650236,174.1562550200767,175.31964543980357,62348900,
503,2021-12-30,174.2149200439453,176.53193000592643,174.10737937130014,175.45652327947462,59773000,
504,2021-12-31,173.5990447998047,175.22191121478994,173.2959647369927,174.10740540326523,64062300,
505,2022-01-03,177.93971252441406,178.79026689432098,173.73588518068755,173.85319685203027,104487900,
506,2022-01-04,175.681396484375,178.8489462858369,175.1143651356069,178.5458811499138,99310400,
507,2022-01-05,171.0082550048828,176.1408490374331,170.7345178498846,175.5933747274367,94537600,
508,2022-01-06,168.153564453125,171.37976954533002,167.80161453547433,168.83790737145776,96904000,
509,2022-01-07,168.31979370117188,170.24574016447164,167.20528789803654,169.02369367342152,86709100,
510,2022-01-10,168.33934020996094,168.64240533418686,164.40923476090865,165.29888813158135,106765600,
511,2022-01-11,171.16470336914062,171.26245812752686,166.99997473942338,168.46643037323963,76138300,
512,2022-01-12,171.6046600341797,173.2177554801649,170.91054596180936,172.18146241376857,74805200,
513,2022-01-13,168.33934020996094,172.6702655459411,167.94827640647682,171.84905393496265,84505800,
514,2022-01-14,169.19961547851562,169.89372928280528,167.26388378987963,167.50829300048528,80440800,
515,2022-01-18,166.00279235839844,168.68150862321704,165.62151446360372,167.6745435442064,90956700,
516,2022-01-19,162.5126190185547,167.25416515581253,162.22911080921511,166.19831524532339,94815000,
517,2022-01-20,160.8311004638672,165.8854833139809,160.50847837757559,163.24586569234862,91420500,
518,2022-01-21,158.77804565429688,162.61038131219433,158.67050497614542,160.74309086318223,122848900,
519,2022-01-24,158.00567626953125,158.67047714081284,151.24043048620277,156.44146612794097,162294600,
520,2022-01-25,156.20681762695312,159.12017131763488,153.50854524070638,155.42470514878522,115798400,
521,2022-01-26,156.118896484375,160.71378862428045,154.2907195812304,159.84369205931444,108275300,
522,2022-01-27,155.6593780517578,160.1760566161972,154.74039680395836,158.8171416631375,121954600,
523,2022-01-28,166.52096557617188,166.54052249937996,159.15935779106997,162.00428595660412,179935700,
524,2022-01-31,170.87142944335938,171.08651082179728,165.71927719769477,166.3547503312831,115541600,
525,2022-02-01,170.70521545410156,170.93006781127377,168.45664712970438,170.1186272242385,86213900,
526,2022-02-02,171.90771484375,171.94682868403083,169.45385093947993,170.84209391826516,84914300,
527,2022-02-03,169.03347778320312,172.2987975978528,168.2709219070581,170.5781464577833,89418100,
528,2022-02-04,168.7495574951172,170.42345318106436,167.07566180917001,168.05454433189513,82465400,
529,2022-02-07,168.03501892089844,170.27665387927516,167.3400055860888,169.20967525085985,77251200,
530,2022-02-08,171.13804626464844,171.64706939744136,167.80983647215697,168.1035042386361,74829200,
531,2022-02-09,172.5574188232422,172.9196005956565,171.20655609241282,172.33228001362485,71285000,
532,2022-02-10,168.48529052734375,171.7743370940817,167.92733513885554,170.462637822063,90865900,
533,2022-02-11,165.0787811279297,169.4250227899619,164.4914455219278,168.690860750742,98670700,
534,2022-02-14,165.313720703125,165.9989356288058,163.04270559336564,163.83559821712237,86185500,
535,2022-02-15,169.14109802246094,169.29772280484622,166.6547430824804,167.35953966665278,62527400,
536,2022-02-16,168.90621948242188,169.67953027359678,166.45901263665095,168.22100455291906,61177400,
537,2022-02-17,165.313720703125,168.2797341887302,164.91237519788157,167.41831260412283,69589300,
538,2022-02-18,163.76707458496094,166.93864489391834,162.68051421778296,166.23386310925557,82772700,
539,2022-02-22,160.8499755859375,163.16992227378196,158.72578746937097,161.4960266681506,91162800,
540,2022-02-23,156.6897735595703,162.64136771002168,156.3765239008277,162.04424861753867,90009200,
541,2022-02-24,159.3033447265625,159.41102239990326,148.79014121364656,149.357894860665,141147500,
542,2022-02-25,161.36878967285156,161.6330771993794,157.472826482258,160.38010876655954,91974200,
543,2022-02-28,161.6331329345703,161.92680077964948,158.99993565341998,159.61663663442954,95056600,
544,2022-03-01,159.75363159179688,163.08184127413253,158.54961021930214,161.22195543903135,83474400,
545,2022-03-02,163.04270935058594,163.82581854222389,159.5089420061074,160.9185355637426,79724800,
546,2022-03-03,162.71966552734375,165.34307890598984,162.0540324670775,164.91236813214016,76678400,
547,2022-03-04,159.72427368164062,162.05401907314567,158.67687705595137,161.01640589639365,83737200,
548,2022-03-07,155.93597412109375,161.5351828168675,155.68145512983824,159.91023439793054,96418800,
549,2022-03-08,154.11529541015625,159.44041971330986,152.50992837199067,155.4661583222758,131148300,
550,2022-03-09,159.50894165039062,159.95923428896205,156.04370327606966,158.06998280822745,91454900,
551,2022-03-10,155.17247009277344,157.00297572975708,152.68609998585092,156.81698565051138,105342000,
552,2022-03-11,151.46249389648438,155.91641251914996,151.23735509056115,155.57379764949783,96970100,
553,2022-03-14,147.4392852783203,150.86537421208124,146.9302771053436,148.2517595892854,108732100,
554,2022-03-15,151.81492614746094,152.28480063427574,147.204396636905,147.71340492610565,92964300,
555,2022-03-16,156.21987915039062,156.6212246232631,151.19822129277074,153.73352378158447,102300200,
556,2022-03-17,157.22813415527344,157.60011436017203,154.30128444798586,155.26058530967927,75615400,
557,2022-03-18,160.5171661376953,161.0066074424884,156.3862803303168,157.1204422875064,123511700,
558,2022-03-21,161.8876495361328,162.8371670898303,159.56768703876222,160.0571284608097,95811400,
559,2022-03-22,165.25498962402344,165.84231029999864,161.42755456550663,162.01487524148183,81532000,
560,2022-03-23,166.6156005859375,168.9942779440516,164.1096487837443,164.44248019289995,98062700,
561,2022-03-24,170.39410400390625,170.46261801995993,166.61561651162776,167.44765777264146,90131400,
562,2022-03-25,171.03038024902344,171.57855215101324,169.1019802060181,170.20812239603873,80546200,
563,2022-03-28,171.89183044433594,172.01907505501657,168.3678462915148,168.53425457976377,90371900,
564,2022-03-29,175.18084716796875,175.22977935165113,172.6161644453855,172.95877935054617,100589400,
565,2022-03-30,174.01597595214844,175.81711647524634,172.96856432856262,174.77950323773482,92633200,
566,2022-03-31,170.9227294921875,174.27050693821633,170.71715752826566,174.0845168128981,103049300,
567,2022-04-01,170.62904357910156,171.18701389593227,168.30909632537671,170.35495761395958,78751300,
568,2022-04-04,174.67178344726562,174.7207305561473,170.75625372170148,170.8835132174817,76468400,
569,2022-04-05,171.36317443847656,174.53475923368862,170.7366902126206,173.75165021722813,73401800,
570,2022-04-06,168.20140075683594,169.963392443072,166.5373033062765,168.72020734548278,89058800,
571,2022-04-07,168.5048370361328,169.69907490999924,166.2632026288955,167.5455363451221,77594700,
572,2022-04-08,166.4981231689453,168.15243700693318,165.6269183292227,168.15243700693318,76575500,
573,2022-04-11,162.24978637695312,165.46052001953282,162.0050657338506,165.1472853633742,72246700,
574,2022-04-12,164.11947631835938,166.28279871101802,163.12101178667447,164.47187468621496,79265200,
575,2022-04-13,166.8015899658203,167.42807423573976,163.24825626550125,163.8551587010773,70618900,
576,2022-04-14,161.79949951171875,167.65322825491936,161.55477886000992,167.01694559853848,75329400,
577,2022-04-18,161.5841827392578,163.08187215208477,160.1158586140106,160.45845861462905,69023900,
578,2022-04-19,163.86495971679688,164.27610359926777,160.44866861751814,161.53522902332887,67723800,
579,2022-04-20,163.6985321044922,165.31369734743882,162.59240492951264,165.19622127922986,67929800,
580,2022-04-21,162.90565490722656,167.90774603308134,162.4064301142371,165.34307817395856,87227800,
581,2022-04-22,158.37339782714844,164.32500539707067,158.08952846576778,162.9447923826861,84882400,
582,2022-04-25,159.4403839111328,159.72425325965065,155.11372512050855,157.71754117840766,96046400,
583,2022-04-26,153.48878479003906,158.91178747297153,153.41047239469103,158.8236916294158,95623200,
584,2022-04-27,153.26368713378906,156.41567600749497,152.0988142121799,152.61762090114706,88063200,
585,2022-04-28,160.18435668945312,161.04577820352466,155.57381282317428,155.88706244158715,130216800,
586,2022-04-29,154.32083129882812,162.69028026576657,153.9292842451666,158.42235165998022,131747600,
587,2022-05-02,154.6243133544922,154.88860092145774,150.0333512355366,153.4007100151784,123055300,
588,2022-05-03,156.1122283935547,157.31626501989302,153.01897002538345,154.81031244687898,88966500,
589,2022-05-04,162.5141143798828,162.96439206944154,155.89685759161674,156.29820309411934,108256500,
590,2022-05-05,153.45944213867188,160.61507214954577,151.67786848905013,160.38993331507154,130525300,
591,2022-05-06,154.18487548828125,156.3023722983105,151.14587460582203,152.93986371222095,116124600,
592,2022-05-09,149.0675811767578,152.7633948486293,148.50880608897836,151.8810971374127,131577900,
593,2022-05-10,151.4693603515625,153.65548649022554,149.92045170349726,152.4594939260044,115366700,
594,2022-05-11,143.61700439453125,152.39087300235883,142.9405806152843,150.47925033829725,142689800,
595,2022-05-12,139.7545928955078,143.3229615932635,136.06859043625394,139.96046693664456,182602000,
596,2022-05-13,144.21498107910156,145.18550397266762,140.29369821646105,141.74456868725608,113990900,
597,2022-05-16,142.6759033203125,144.616949555646,141.34266624082053,142.68571610317943,86643800,
598,2022-05-17,146.30308532714844,146.82265416778552,143.79345144967377,145.93055862687706,78336300,
599,2022-05-18,138.04876708984375,144.46005783667513,137.14685888931075,143.96009966859182,109742900,
600,2022-05-19,134.6470947265625,138.87227582415818,133.91185397987616,137.1273056487035,136095600,
601,2022-05-20,134.8823699951172,137.93116906609265,130.00037534307543,136.3528515735585,137426100,
602,2022-05-23,140.293701171875,140.4407432989188,134.94114336987113,135.07838767461445,117726300,
603,2022-05-24,137.59786987304688,139.176187438702,134.6274981436638,138.03901137531423,104132700,
604,2022-05-25,137.75466918945312,138.99966571047085,135.61756228135172,135.70578755446192,92482700,
605,2022-05-26,140.95050048828125,141.49947765357643,134.4411720339845,134.68625219409884,90601500,
606,2022-05-27,146.69522094726562,146.73442720207444,142.40141055796454,142.5288570634857,90978500,
607,2022-05-31,145.91094970703125,147.69514080945274,143.9503080341332,146.1364342695409,103718400,
608,2022-06-01,145.78353881835938,148.75391017683245,144.773794451972,146.95010821381516,74286600,
609,2022-06-02,148.2343292236328,148.2931460840145,143.96992734384497,144.9208398093746,72348100,
610,2022-06-03,142.5190887451172,145.05811684755056,141.61719511269536,144.00916607250292,88570300,
611,2022-06-06,143.2640838623047,145.6462712304333,142.0484806619193,144.13656879270374,71598400,
612,2022-06-07,145.78353881835938,146.06782531945106,141.26425852389363,141.50933876771822,67808200,
613,2022-06-08,145.04827880859375,146.9206802540853,144.55811838609154,145.6560729457736,53950200,
614,2022-06-09,139.83302307128906,145.038526536632,139.72518713500918,144.18565183238255,69473000,
615,2022-06-10,134.43141174316406,137.9899664897166,134.36278209908923,137.51941663931075,91437900,
616,2022-06-13,129.2847442626953,132.53940235521404,128.85340060932865,130.2552525242583,122207100,
617,2022-06-14,130.1473846435547,131.25515193955982,128.8925752102517,130.51011351307002,84784300,
618,2022-06-15,132.76486206054688,134.63727870714717,129.55922325217023,131.64729675078482,91533000,
619,2022-06-16,127.50052642822266,129.78467578709342,126.50059498012912,129.48077871917013,108123900,
620,2022-06-17,128.9710235595703,130.4611156124141,127.25546187351353,127.5103548974603,134520300,
621,2022-06-21,133.1961669921875,134.36275100339577,130.696361206463,130.7943843000857,81000500,
622,2022-06-22,132.68643188476562,135.04899374439105,131.27476747959807,132.13743964836019,73409200,
623,2022-06-23,135.54896545410156,135.8626603415122,132.9609190593017,134.12750324123766,72433800,
624,2022-06-24,138.8722686767578,139.1173489130396,137.01946268880786,137.14689423988725,89116800,
625,2022-06-27,138.8722686767578,140.6662578013618,138.19584483125837,139.89179587794544,70207900,
626,2022-06-28,134.73529052734375,140.59760460905184,134.61765682035212,139.33299738336785,67083400,
627,2022-06-29,136.49005126953125,137.90171551636791,133.98043259004706,134.7548943447595,66242400,
628,2022-06-30,134.02947998046875,135.64700354645933,131.13753620204082,134.5490488814723,98964500,
629,2022-07-01,136.19598388671875,136.3038197907336,132.9903451154339,133.36285690870372,71051600,
630,2022-07-05,138.77420043945312,138.82321946775843,134.23531066321448,135.05879144662464,73353800,
631,2022-07-06,140.1074676513672,141.28384979355582,138.30368070277723,138.5683715462856,74064300,
632,2022-07-07,143.46998596191406,143.66604717243726,140.4603932776671,140.47019110271424,66253700,
633,2022-07-08,144.14639282226562,144.64636610420064,142.1465445700594,142.40142264422443,64547800,
634,2022-07-11,142.01907348632812,143.7542455393016,140.95052737444695,142.8033331399919,63141600,
635,2022-07-12,142.9895782470703,145.5286052761855,142.19552087150592,142.89154019342988,77588800,
636,2022-07-13,142.62693786621094,143.56803784865582,139.3232452251004,140.17613484742708,71185600,
637,2022-07-14,145.54824829101562,146.01879814456234,140.4309718883509,141.244640047542,78140700,
638,2022-07-15,147.21478271484375,147.8912065060331,145.2835494113212,146.83245817528143,76259900,
639,2022-07-18,144.1758270263672,148.58727184385728,143.813098058474,147.77360356027648,81420900,
640,2022-07-19,148.02842712402344,148.25389669881054,144.01891901249385,145.0090375439563,82982400,
641,2022-07-20,150.02830505371094,150.6949310490213,147.41085002655058,148.14609070693865,64823400,
642,2022-07-21,152.2928466796875,152.50851845862235,148.94994906470606,151.45956799212024,65086600,
643,2022-07-22,151.05764770507812,153.20455292364784,150.3910366563313,152.33206789895848,66675400,
644,2022-07-25,149.9400634765625,151.9889303599999,149.28325033510924,150.97920113195147,53623900,
645,2022-07-26,148.61666870117188,150.07733740905365,147.8324089141252,149.26366918886245,55138700,
646,2022-07-27,153.7045135498047,154.2338952339947,149.1656377708993,149.5773707705413,78620700,
647,2022-07-28,154.2534942626953,154.53778073211737,151.37134852302864,153.8907653704556,81378700,
648,2022-07-29,159.31195068359375,160.40992030893383,156.36119003723385,158.06695385906744,101786900,
649,2022-08-01,158.33164978027344,160.37071938994356,157.72385550686172,157.84148924790597,67829400,
650,2022-08-02,156.86114501953125,159.21392420256825,156.48863324172908,156.94938527079637,59907000,
651,2022-08-03,162.8607177734375,163.311657015849,157.58658648416494,157.67481177613547,82507500,
652,2022-08-04,162.54701232910156,163.89986001020398,161.19416464799912,162.74307352499065,55474100,
653,2022-08-05,162.3212127685547,162.81205403488926,160.01425282506756,160.22041274781424,56697000,
654,2022-08-08,161.8500213623047,164.7361708864107,161.19229575323052,163.32254540690658,60276900,
655,2022-08-09,161.8991241455078,162.78264764526216,160.25971568153318,161.0156156250441,63135500,
656,2022-08-10,166.1399688720703,166.23812814464867,163.8428202002786,164.60853143111325,70170500,
657,2022-08-11,165.40370178222656,167.85790820975464,165.10919401506573,166.9449356294848,57149200,
658,2022-08-12,168.9475860595703,169.01629605421468,166.29703098384923,166.70935086886797,68039400,
659,2022-08-15,170.01760864257812,170.21394216296972,168.21131628811554,168.3782005294128,54091700,
660,2022-08-16,169.86053466796875,170.52808660786044,168.51563433427114,169.61511402434292,56377100,
661,2022-08-17,171.3527374267578,172.92342093468278,169.40900965777863,169.6053432238579,79542000,
662,2022-08-18,170.96002197265625,171.6962839363271,169.94889007422466,170.56735491708034,62290100,
663,2022-08-19,168.37818908691406,170.5575254675204,168.1720291679761,169.8605242913159,70346300,
664,2022-08-22,164.5005645751953,166.74861119438174,164.07843325743647,166.58172694573366,69026800,
665,2022-08-23,164.16677856445312,165.6196796113523,163.5974008535258,164.0195321647684,54147100,
666,2022-08-24,164.46128845214844,165.03066617037743,163.2047358944321,164.25514348994625,53841500,
667,2022-08-25,166.9154510498047,167.02343670894956,165.26623186935652,165.68834809556023,51218200,
668,2022-08-26,160.62290954589844,167.91681938586046,160.56401098389765,167.44561591056575,78961000,
669,2022-08-29,158.42393493652344,159.91608162954805,156.89251255304256,158.19813716461735,73314000,
670,2022-08-30,155.99917602539062,159.58231130465205,154.8309714061125,159.16019500251252,77906200,
671,2022-08-31,154.34014892578125,157.6386032608909,154.2616125155062,157.37354474862363,87991100,
672,2022-09-01,155.06658935546875,155.5181549609377,151.83684522830168,153.77076113952282,74229900,
673,2022-09-02,152.95594787597656,157.42260624530542,152.1313381712874,156.8237793213389,76957800,
674,2022-09-06,151.6994171142578,154.21252227519972,150.87480729194033,153.60388383195894,73714800,
675,2022-09-07,153.10321044921875,153.80019664109167,150.7962505650505,151.98409298992328,87449600,
676,2022-09-08,151.6306915283203,153.49588236025656,149.88328282837716,151.80738719524012,84923800,
677,2022-09-09,154.48739624023438,154.92916542303703,151.91539245059826,152.62220516793604,68028800,
678,2022-09-12,160.43637084960938,161.2511691580026,156.38203213199495,156.6667134786447,104956000,
679,2022-09-13,151.0220489501953,157.59931943362142,150.56065692569356,156.97104316313002,122656600,
680,2022-09-14,152.4651336669922,154.22235404144755,150.79627611743592,151.95465448242936,87965400,
681,2022-09-15,149.57894897460938,152.39638777057854,148.60709294324934,151.81718374523024,90481100,
682,2022-09-16,147.9395751953125,148.57767791761873,145.6522527794473,148.4402429431555,162278800,
683,2022-09-19,151.65028381347656,151.72882019825508,146.36884300585444,146.57498790902477,81474200,
684,2022-09-20,154.0260009765625,155.18439428665013,150.27598106267698,150.59011171978128,107689800,
685,2022-09-21,150.90423583984375,155.83228620825895,150.78643873263653,154.45792171393398,101696800,
686,2022-09-22,149.94223022460938,151.6405372059972,148.1457489754599,149.58882383167358,86652500,
687,2022-09-23,147.6744842529297,148.69544239271363,145.83874285871622,148.42057250414538,96029900,
688,2022-09-26,148.00831604003906,150.95336436223522,146.89900971197227,146.91864756165486,93339400,
689,2022-09-27,148.9801483154297,151.88593544780034,147.20330517830297,149.9422080635759,84442700,
690,2022-09-28,147.09530639648438,147.8806554147203,142.18689375661808,144.93560783080054,146691400,
691,2022-09-29,139.8701629638672,144.032503482396,138.10313090509123,143.42386493187522,128138200,
692,2022-09-30,135.66856384277344,140.4788186878684,135.4722302730186,138.69214875072967,124925300,
693,2022-10-03,139.84066772460938,140.44932105441077,135.16786446408517,135.67834355315813,114311700,
694,2022-10-04,143.42384338378906,143.5416405102459,141.61753589548164,142.37343574191996,87830100,
695,2022-10-05,143.7183074951172,144.6803670999918,140.39040452379436,141.43100052371705,79471000,
696,2022-10-06,142.76608276367188,144.8374334955695,142.5599378213271,143.13912691743977,68402200,
697,2022-10-07,137.52389526367188,140.47876912027488,136.89561907456743,139.9290143479333,85925600,
698,2022-10-10,137.84786987304688,139.29094450363405,136.03176603772727,137.84786987304688,74899000,
699,2022-10-11,136.43421936035156,138.76081689569904,135.68814610919395,137.337365394685,77033700,
700,2022-10-12,135.80599975585938,137.78900327613292,135.62930403567515,136.5815375836669,70433700,
701,2022-10-13,140.37081909179688,140.95981974279604,131.90870376504793,132.51735724415704,113224000,
702,2022-10-14,135.84523010253906,141.87276009592642,135.65870802953629,141.66660017858484,88598000,
703,2022-10-17,139.80142211914062,140.282437004532,137.7006219624551,138.48597103526853,85250900,
704,2022-10-18,141.11688232421875,144.0128431743189,138.03439937209953,142.825015544548,99136600,
705,2022-10-19,141.22486877441406,142.29489928414645,138.90809708603376,139.09461918905455,61758300,
706,2022-10-20,140.76344299316406,143.21764906737312,140.03699260265552,140.40022528755236,64522000,
707,2022-10-21,144.57240295410156,145.1417806685085,140.03701908535325,140.25299045906925,86548600,
708,2022-10-24,146.71249389648438,147.47820529483582,143.32569117619283,144.493896124247,75981900,
709,2022-10-25,149.54954528808594,149.6968066869272,146.62413491177585,147.34075911907576,74732300,
710,2022-10-26,146.61428833007812,149.20592954793565,145.32827166402765,148.19479776463467,88194300,
711,2022-10-27,142.1476593017578,146.3198108162611,141.48993368404496,145.35776595535313,109180200,
712,2022-10-28,152.88722229003906,154.61497792060942,145.11229948354543,145.4853286094403,164762400,
713,2022-10-31,150.5312042236328,151.4147275390832,149.13721674827332,150.35450854811523,97943200,
714,2022-11-01,147.8904571533203,152.60253597457515,146.3983105936967,152.23931825640548,80379300,
715,2022-11-02,142.37342834472656,149.3826416112209,142.34397906464244,146.22162239502856,93604600,
716,2022-11-03,136.3360595703125,140.18425286730874,136.20843606207234,139.45780248243508,97918500,
717,2022-11-04,136.07058715820312,140.28898493787645,132.1373429796548,139.71866273149064,140814800,
718,2022-11-07,136.60159301757812,136.82775039724396,133.40583154940404,134.82180210827255,83374600,
719,2022-11-08,137.17190551757812,139.069688836373,135.19545550623369,138.06672226567503,89908500,
720,2022-11-09,132.61915588378906,136.23774833279379,132.3438299914245,136.18857977969958,74917800,
721,2022-11-10,144.41888427734375,144.41888427734375,137.17188688278108,138.88285345399055,118854000,
722,2022-11-11,147.20167541503906,147.5064994693465,141.9606252113591,143.3864383750097,93979700,
723,2022-11-14,145.80538940429688,147.7720118834529,144.96956884900007,146.48387656026793,73374100,
724,2022-11-15,147.53598022460938,151.02673737922098,146.08068410249945,149.67960607049233,89868300,
725,2022-11-16,146.30685424804688,147.36883205309908,144.83188757505272,146.64119143040293,64218300,
726,2022-11-17,148.20465087890625,148.95196191687904,143.71091192910288,143.98623783804743,80389400,
727,2022-11-18,148.76515197753906,150.1516244369956,147.46718893347042,149.7681336507777,74829600,
728,2022-11-21,145.5398712158203,147.8604860232478,145.2547175972566,147.65399909356225,58724100,
729,2022-11-22,147.67364501953125,147.9096450709946,144.47788413446048,145.65786938764137,51804100,
730,2022-11-23,148.548828125,149.29613922514196,146.84768896962234,146.95585380028717,58301400,
731,2022-11-25,145.63819885253906,146.3953525551104,144.66471552066162,145.8348580598712,35195900,
732,2022-11-28,141.81314086914062,144.19275214587688,140.98716307142482,142.7177853624681,69246000,
733,2022-11-29,138.8140106201172,142.39326202258005,138.00770341068628,141.8819361067611,83763800,
734,2022-11-30,145.55953979492188,146.23802684928043,138.2043770255708,139.04018245155586,111380900,
735,2022-12-01,145.83486938476562,146.64119170281938,144.16324348642758,145.73654727553216,71250400,
736,2022-12-02,145.3432159423828,145.53004745802465,143.2192602974079,143.5240993516398,65447400,
737,2022-12-05,144.18289184570312,148.40128929094377,143.3372438141924,145.30386574755366,68826400,
738,2022-12-06,140.52499389648438,144.8417290558683,139.55151049910586,144.61557170242608,64727200,
739,2022-12-07,138.58786010742188,140.97729872796708,137.6635453309665,139.81699890501977,69721100,
740,2022-12-08,140.26931762695312,141.12480845757423,138.7451974772698,139.9841640195035,62128300,
741,2022-12-09,139.78753662109375,143.14063172179561,138.54855479274573,139.96452545134943,76097000,
742,2022-12-12,142.07864379882812,142.08847150955347,138.70587850686456,140.31850830999085,70462700,
743,2022-12-13,143.04225158691406,147.46715106267968,141.83278326469596,147.00499369488003,93886200,
744,2022-12-14,140.82000732421875,144.2124280542218,138.80421630941913,142.9242927483946,82291200,
745,2022-12-15,134.22198486328125,139.43353745953314,133.7598273780729,138.75505030022137,98931900,
746,2022-12-16,132.26519775390625,135.35279464023196,131.49821613912175,134.40882419317708,160156900,
747,2022-12-19,130.16090393066406,132.94367653807714,129.12843913282236,132.8551821275431,79592600,
748,2022-12-20,130.09207153320312,131.02621414919912,127.72228799900502,129.19725476241064,77432800,
749,2022-12-21,133.18948364257812,134.52678732015247,130.5345467103143,130.76070405901197,85928000,
750,2022-12-22,130.0232391357422,132.31435609146064,128.12545567267372,132.10786913644063,77852100,
751,2022-12-23,129.6593780517578,130.21002976434445,127.47642661676507,128.73506338957282,63814900,
752,2022-12-27,127.85993194580078,129.2169059676245,126.57179689801647,129.18740783707491,69007800,
753,2022-12-28,123.9365463256836,128.84326718347396,123.76938521978283,127.5059633321295,85438400,
754,2022-12-29,127.44695281982422,128.30242867918332,125.5983306446105,125.8539861302219,75703700,
755,2022-12-30,127.76163482666016,127.78130525456132,125.30336398599484,126.267012397258,77034200,
756,2023-01-03,122.98271179199219,128.71540946850325,122.09773035328112,128.10576142344397,112117500,
757,2023-01-04,124.25119018554688,126.51280869797894,122.99255318811515,124.77234386397704,89113600,
758,2023-01-05,122.93354034423828,125.63764564758301,122.67788488068354,125.00832719533365,80962700,
759,2023-01-06,127.4567642211914,128.11558077623516,122.80570749443298,123.90701849100518,87754700,
760,2023-01-09,127.9779281616211,131.18353181246084,127.72227268810083,128.2925949020793,70790800,
761,2023-01-10,128.5482635498047,129.06941726347972,125.98182082594903,128.08610610497774,63896200,
762,2023-01-11,131.26220703125,131.28186245070447,128.28277553296553,129.0595847172529,69458900,
763,2023-01-12,131.1835479736328,132.019353473187,129.2464237509339,131.6457054280313,71379600,
764,2023-01-13,132.51097106933594,132.66830441383743,129.4627162913207,129.82653652186355,57809700,
765,2023-01-17,133.6713104248047,134.99877137842552,131.89151977321038,132.5798345273993,63646600,
766,2023-01-18,132.9534912109375,136.29674271738915,132.7764874230637,134.53662257229425,69672800,
767,2023-01-19,133.01251220703125,133.9761529962307,131.5375453850544,131.84236946093412,58280400,
768,2023-01-20,135.56910705566406,135.71661273457056,131.98002726434026,133.02233471040634,80223600,
769,2023-01-23,138.7550506591797,140.92817511679004,135.59861495460586,135.81494462926892,81760300,
770,2023-01-24,140.1512908935547,140.77078151554045,137.9585119517288,137.9683396585056,66435100,
771,2023-01-25,139.49249267578125,140.05297211797858,136.49339126221906,138.53867984910516,65799300,
772,2023-01-26,141.55746459960938,141.8426182007582,139.53183124401355,140.78064047196506,54105100,
773,2023-01-27,143.4945831298828,144.77289057415175,140.69215546789684,140.77082215722044,70555800,
774,2023-01-30,140.6134796142578,143.12092578303154,140.46598895897412,142.54077586673455,64015300,
775,2023-01-31,141.88197326660156,141.93114182979278,139.90552306108117,140.31851198443744,65874500,
776,2023-02-01,143.0029296875,144.16324461699494,138.961535368266,141.56730384751015,77663600,
777,2023-02-02,148.30296325683594,148.65694079146772,145.69718026187857,146.4149930473278,118339000,
778,2023-02-03,151.9215545654297,154.75349514117664,145.36287177724367,145.5595309829737,154357300,
779,2023-02-06,149.1977996826172,150.5449461888697,148.2636570715711,150.02379246889225,69858300,
780,2023-02-07,152.0690460205078,152.63936822302708,148.12597415973434,148.12597415973434,83322600,
781,2023-02-08,149.38462829589844,152.00023955919008,148.64714493246836,151.3119247541495,64120100,
782,2023-02-09,148.35214233398438,151.75440537570756,147.9096553354024,151.213581264491,56007100,
783,2023-02-10,148.7165069580078,149.0414968354293,146.95369947058745,147.1900598433605,57450700,
784,2023-02-13,151.51339721679688,151.91715888947925,148.62788900472555,148.65743217523777,62199000,
785,2023-02-14,150.873291015625,151.43464142437824,148.56883308158638,149.80969157828838,61707600,
786,2023-02-15,152.97091674804688,153.13833305811258,150.5581292969133,150.78463194852628,65573800,
787,2023-02-16,151.37551879882812,153.95572244720177,151.02098573800205,151.17854429955682,68167900,
788,2023-02-17,150.23313903808594,150.67630162569367,148.55896091432058,150.03617955770974,59144100,
789,2023-02-21,146.22496032714844,149.00213887625634,146.15603126407484,147.9188390818426,58867200,
790,2023-02-22,146.64840698242188,147.67260518894304,144.92498541296462,146.60900607426132,51011300,
791,2023-02-23,147.1309814453125,148.05670759936388,145.00379786650186,147.8105044744373,48394200,
792,2023-02-24,144.48179626464844,144.95450188621834,143.50682683230983,144.8757151114499,55469600,
793,2023-02-27,145.67344665527344,146.90446214048941,145.21058363066865,145.46664446890208,44998500,
794,2023-02-28,145.1711883544922,146.81582313308783,144.5999954030627,144.81665531660641,50547000,
795,2023-03-01,143.1030731201172,144.99391093566584,142.80762642427203,144.59999202590106,55479000,
796,2023-03-02,143.69398498535156,144.481837933212,141.71450238763347,142.1872231725768,52238100,
797,2023-03-03,148.7362060546875,148.8149928448926,145.0924034132026,145.79161175732688,70732300,
798,2023-03-06,151.4936981201172,153.92618602775224,151.1293223291666,151.4542972077173,87558000,
799,2023-03-07,149.29757690429688,151.69066400049135,148.83471383986452,151.36567408118486,56182000,
800,2023-03-08,150.5482635498047,151.1391569879468,149.5240652876753,150.48917721139935,47204800,
801,2023-03-09,148.30288696289062,152.19289270805663,147.9483539187185,151.22778082054958,53833600,
802,2023-03-10,146.24464416503906,148.64758887079853,145.36816171354923,147.92868001277867,68572400,
803,2023-03-13,148.1847381591797,150.81418573238946,145.45680332509693,145.56513330123872,84457100,
804,2023-03-14,150.27249145507812,151.07018694052056,147.820318670502,148.98238986483992,73695900,
805,2023-03-15,150.66644287109375,150.92248866561948,147.64306182318006,148.89377768233683,77167900,
806,2023-03-16,153.4830322265625,154.08376844517147,149.33696504123728,149.84907174243986,76161100,
807,2023-03-17,152.64593505859375,154.35951419092353,151.93686886777078,153.70953434482817,98944600,
808,2023-03-20,155.00946044921875,155.4230948668754,151.80882025865256,152.71486085947325,73641400,
809,2023-03-21,156.8609619140625,156.97913462658934,154.16256977065802,154.9307374832292,73938300,
810,2023-03-22,155.43295288085938,159.67749219321786,155.41325242402124,156.88062840402722,75701800,
811,2023-03-23,156.51625061035156,159.09646969740976,155.28523492873595,156.41777837205046,67622100,
812,2023-03-24,157.816162109375,157.90479160484955,155.45261873446648,156.44727369122404,59196500,
813,2023-03-27,155.8760986328125,158.3282868109909,155.4723219600322,157.5108907515981,52390300,
814,2023-03-28,155.2556915283203,156.08294548571627,153.61105638332387,155.57083875533723,45992200,
815,2023-03-29,158.32827758789062,158.60402382956926,156.92984592593675,156.94953135245441,51305700,
816,2023-03-30,159.8941650390625,160.0024950198449,158.8207229739758,159.07676882534926,49501700,
817,2023-03-31,162.39556884765625,162.49405610459849,159.45098920585787,159.97293860815142,68749800,
818,2023-04-03,163.64627075195312,163.76444342844442,161.725889623748,161.7751332479675,56976200,
819,2023-04-04,163.114501953125,164.3061166832112,162.60239523685718,164.06977129650792,46278300,
820,2023-04-05,161.2729034423828,162.54332009164784,159.34267919173706,162.23803059475318,51511700,
821,2023-04-06,162.15921020507812,162.45465692468338,159.5396056660462,159.96306777674639,45390100,
822,2023-04-10,159.56915283203125,159.56915283203125,157.64877164706385,158.96841666370352,47716900,
823,2023-04-11,158.35784912109375,159.89415417908276,158.07224508795338,159.88431146406083,47644200,
824,2023-04-12,157.66847229003906,159.59869619161648,157.35332510698044,158.77145737665472,50133100,
825,2023-04-13,163.04556274414062,163.28192316496492,158.9684394039646,159.17525665056672,68445600,
826,2023-04-14,162.70083618164062,163.79397836508667,161.33194777417597,162.0902423767061,49386500,
827,2023-04-17,162.72055053710938,162.8781241294329,161.53877864877254,162.5826774005875,41516200,
828,2023-04-18,163.9417266845703,164.8674527745674,163.13417327770642,163.5773508935462,49923000,
829,2023-04-19,165.08413696289062,165.60608642613127,163.02586725800396,163.2819281451353,47720200,
830,2023-04-20,164.11900329589844,165.3204757933169,163.04556123695718,163.56751067945328,52456400,
831,2023-04-21,162.5137481689453,163.9220227028112,161.991798793606,162.5432913390932,58337300,
832,2023-04-24,162.8190155029297,163.08491902519904,161.4008834202169,162.49402564838778,41949600,
833,2023-04-25,161.28274536132812,163.78416246885476,161.24334444666383,162.68117729099055,48714100,
834,2023-04-26,161.2729034423828,162.76982277852977,160.327491776325,160.58353763858076,45498800,
835,2023-04-27,165.85227966308594,165.99999552987848,162.68118215487013,162.68118215487013,64902300,
836,2023-04-28,167.10296630859375,167.27039764589344,165.33031595199535,165.93105213681218,55275900,
837,2023-05-01,167.01431274414062,167.86125191507637,166.07874407354768,166.70902333840385,52472900,
838,2023-05-02,165.9802703857422,167.76279339985444,164.99545801480568,167.50673256610264,48425700,
839,2023-05-03,164.9068603515625,168.32416114075937,164.6212713207429,166.92572910723644,65136000,
840,2023-05-04,163.2720489501953,164.50306450874902,161.81453073644045,162.3857237588548,81235400,
841,2023-05-05,170.93392944335938,171.65283843062485,168.1665934268077,168.38325340001882,113453200,
842,2023-05-08,170.86497497558594,171.20966537396347,169.49608615179136,169.86046198141287,55962800,
843,2023-05-09,169.1612548828125,170.90436226614003,168.9938385535857,170.42181373691182,45326900,
844,2023-05-10,170.92405700683594,171.38692008917508,169.28926463206565,170.3922648627901,53724500,
845,2023-05-11,171.11117553710938,171.9384144483228,169.5551699505623,171.20966280003566,49514700,
846,2023-05-12,170.1841583251953,171.653548851867,168.6358569767775,171.21962961924467,45533100,
847,2023-05-15,169.6910858154297,170.815324358024,169.09937498339835,170.76601261404946,37266700,
848,2023-05-16,169.6910858154297,170.74628490689332,169.42481443623242,169.61219003463674,42110300,
849,2023-05-17,170.30252075195312,170.53919306240596,168.06389984598047,169.33607370599472,57951600,
850,2023-05-18,172.62986755371094,172.81724313624747,170.19401507639674,170.60820660461047,65496700,
851,2023-05-19,172.73834228515625,173.9513327998332,172.5213826746833,173.9513327998332,55809500,
852,2023-05-22,171.79161071777344,172.2945693897219,171.05197977463047,171.57465110395842,43570900,
853,2023-05-23,169.1881103515625,170.9829553293692,168.9119826700276,170.7364116817252,50747300,
854,2023-05-24,169.46424865722656,170.03623176135926,168.16250594092847,168.72461766792532,45143500,
855,2023-05-25,170.59835815429688,171.49576564962197,169.31632809947834,170.02637505144457,56058300,
856,2023-05-26,173.00462341308594,173.33993425328168,170.71670589408566,170.92380920574092,54835000,
857,2023-05-30,174.84878540039062,176.51542312806916,174.1288820495124,174.5134895983742,55964400,
858,2023-05-31,174.79945373535156,176.87042648421155,174.3162227478627,174.87834951174753,99625300,
859,2023-06-01,177.60018920898438,177.62977324467488,174.4838737017158,175.24323239604442,68901800,
860,2023-06-02,178.44827270507812,179.26679934554073,176.78163539298924,178.52716847079088,61996900,
861,2023-06-05,177.0972442626953,182.3929972823034,175.57852688511534,180.10507993454968,121946500,
862,2023-06-06,176.73236083984375,177.62976831057978,174.97695616659206,177.4818481362361,64848400,
863,2023-06-07,175.36158752441406,178.70471906299082,174.86850018805862,175.9730110061888,61944600,
864,2023-06-08,178.07357788085938,178.33983422301452,175.00657387447097,175.44047811466785,50214900,
865,2023-06-09,178.45814514160156,179.7105759291869,178.13270574903748,178.99067275354267,48900000,
866,2023-06-12,181.24903869628906,181.34766218390052,178.468033910057,178.76388932505995,54274900,
867,2023-06-13,180.77566528320312,181.60404834381112,179.91769818813273,180.2727216495119,54929100,
868,2023-06-14,181.40679931640625,181.84071851135664,179.50348972235338,180.83481629104696,57462900,
869,2023-06-15,183.4383544921875,183.9413132306641,181.23918907707676,181.4167083517838,65433200,
870,2023-06-16,182.36338806152344,184.40477651433866,181.72238065098958,184.1483615118621,101256200,
871,2023-06-20,182.45216369628906,183.52710548415504,181.86046794433722,181.86046794433722,49799100,
872,2023-06-21,181.4167022705078,182.84665255889604,180.06563271508736,182.34369383727915,49515700,
873,2023-06-22,184.4146270751953,184.46393880857786,181.13066426325057,181.1997036995518,51245300,
874,2023-06-23,184.0990753173828,184.96691381940127,182.45216546765664,182.98470820219737,53117000,
875,2023-06-26,182.70858764648438,185.45015206010262,182.66913223239737,184.2470177435845,48088700,
876,2023-06-27,185.4600067138672,185.78544616190248,183.10304984582174,183.32000947784528,50730800,
877,2023-06-28,186.63356018066406,187.2745677103686,185.00637796044083,185.33180236622022,51216800,
878,2023-06-29,186.96881103515625,187.44218560729155,186.32780365948648,186.46586748106895,46347300,
879,2023-06-30,191.28829956054688,191.79124321876165,188.61575961709715,188.98065447297634,85213200,
880,2023-07-03,189.7991943359375,191.19956064074086,189.10885998965753,191.10093714903454,31458200,
881,2023-07-05,188.684814453125,190.31199675191496,187.98462376800288,188.92150180749704,46920300,
882,2023-07-06,189.15814208984375,189.36524537083605,186.5842258571581,187.2153769807983,45094300,
883,2023-07-07,188.0437774658203,190.0062704618662,187.60987325439862,188.76369580404943,46815000,
884,2023-07-10,186.0023956298828,187.36332142042107,184.4540942539423,186.6434031135775,59922200,
885,2023-07-11,185.47972106933594,186.68285528837708,184.02018687082855,186.5447914459214,46638100,
886,2023-07-12,187.1463623046875,189.04967210294507,185.86433228601203,187.05759515232103,60750200,
887,2023-07-13,187.9056854248047,188.5467078881079,187.15619821079162,187.86624506525828,41342300,
888,2023-07-14,188.05364990234375,188.53686585918993,187.00830716161786,187.6000029338883,41616200,
889,2023-07-17,191.30799865722656,191.63343805134278,189.15813040004866,189.24688249449068,50520200,
890,2023-07-18,191.05162048339844,191.6433313227349,189.75973403360663,190.67688432979497,48288200,
891,2023-07-19,192.4026641845703,195.48938034906212,189.9865244553515,190.4303150490968,80507300,
892,2023-07-20,190.45993041992188,193.75375040663724,189.8386355247165,192.39282446393295,59581200,
893,2023-07-21,189.28636169433594,192.2744696321092,188.5861710830146,191.41650251566858,71951700,
894,2023-07-24,190.08514404296875,192.21528467718613,189.59205676918674,190.73602285584008,45377800,
895,2023-07-25,190.94314575195312,191.7518162507371,190.25282645288883,190.6571617022808,37283200,
896,2023-07-26,191.81094360351562,192.93518195125802,190.64726489612826,190.99241694846552,47471900,
897,2023-07-27,190.5486602783203,194.47363103189025,189.8879250921341,193.3099522093675,47460200,
898,2023-07-28,193.12258911132812,193.9115318637554,191.45595149688123,191.97862287270013,48291400,
899,2023-07-31,193.7340087890625,193.77346420221568,192.56045853696887,193.34940127389015,38824100,
900,2023-08-01,192.90560913085938,194.0101198390568,192.58016971551623,193.52690392813534,35175100,
901,2023-08-02,189.91749572753906,192.48154051645844,189.19759252290805,192.34347668203839,50389300,
902,2023-08-03,188.5270233154297,189.71042999433632,188.0536636534335,188.9215022402868,61235200,
903,2023-08-04,179.4739227294922,184.78940327661547,179.40488328381886,182.95511789971007,115956800,
904,2023-08-07,176.37733459472656,180.59816071157974,174.89807268327345,179.6119861039443,97576100,
905,2023-08-08,177.31419372558594,177.77769698523286,175.12488493894773,177.205713919119,67823000,
906,2023-08-09,175.72645568847656,178.42856448196,174.56276182695083,178.3693964131728,60378500,
907,2023-08-10,175.5094757080078,178.25103959448677,175.1445959609342,176.99859377509202,54686900,
908,2023-08-11,175.5687255859375,176.38835756307438,174.34422750725284,175.10461152163393,52036700,
909,2023-08-14,177.2178955078125,177.44501774834183,175.09474782272636,175.74650562753334,43675600,
910,2023-08-15,175.2329864501953,177.23762299403361,174.8379899652799,176.6451282666605,43622600,
911,2023-08-16,174.36398315429688,176.30935657463468,174.29485048513217,174.9169842350172,46964900,
912,2023-08-17,171.8260955810547,175.29223725703497,171.31258808782235,174.9268647491592,66062900,
913,2023-08-18,172.30996704101562,172.9123464424467,169.81157749118245,170.14732599213767,61172200,
914,2023-08-21,173.6431427001953,173.92952802889707,171.5693880510013,172.8827735295677,46311900,
915,2023-08-22,175.01573181152344,175.46010661888187,174.04797988711957,174.84785755399471,42038900,
916,2023-08-23,178.8571319580078,179.28176749229362,176.1019960768648,176.28962468028294,52722800,
917,2023-08-24,174.17637634277344,178.8374075605793,173.8109887437673,178.41277199096436,54945800,
918,2023-08-25,176.37850952148438,176.91175631972774,173.62337343895007,175.16388093182096,51449600,
919,2023-08-28,177.9387664794922,178.33376298082638,176.31925671498092,177.8400098200833,43820700,
920,2023-08-29,181.81967163085938,182.5899254092932,177.25739693272806,177.45489519701718,53003900,
921,2023-08-30,185.30557250976562,185.5030858470339,182.43194029759772,182.62943856671393,60813900,
922,2023-08-31,185.52281188964844,186.75719481874472,185.13768501849643,185.4931879048022,60794500,
923,2023-09-01,187.0929412841797,187.54718572230075,185.92767607044595,187.1225652663115,45766500,
924,2023-09-05,187.3299560546875,187.60645663383806,185.26607135025952,185.92769881238064,45280000,
925,2023-09-06,180.62478637695312,186.4905763861184,179.20277485131902,186.04618648324464,81755800,
926,2023-09-07,175.34158325195312,175.983471267165,171.3718044532104,172.99131387800804,112488800,
927,2023-09-08,175.95387268066406,177.98814840122637,175.56874581023814,176.12176201867752,65551300,
928,2023-09-11,177.119140625,178.0473990105972,175.12437356668377,177.82027676778657,58953100,
929,2023-09-12,174.09735107421875,177.87950173703112,172.6358460753217,177.24749835360407,90370200,
930,2023-09-13,172.03347778320312,175.08486860955094,171.8063404869434,174.30473020059844,84267900,
931,2023-09-14,173.5443572998047,173.89986015970092,171.4113401404273,171.82609096561458,60895800,
932,2023-09-15,172.82345581054688,174.29484548306786,171.64833608181547,174.2750911398521,109259500,
933,2023-09-18,175.74647521972656,177.13886254322455,173.96896109059597,174.2750855940285,67257600,
934,2023-09-19,176.832763671875,177.38576479928514,174.91699900323943,175.30212586469654,51826900,
935,2023-09-20,173.29750061035156,177.45489404541186,173.20861358406935,177.0203888259045,58436200,
936,2023-09-21,171.75694274902344,174.09734264324985,171.6878251518227,172.36920682730067,63149100,
937,2023-09-22,172.60623168945312,174.8676297137013,171.87548661966315,172.48773574692532,56725400,
938,2023-09-25,173.8800811767578,174.7589610297227,171.97418651044094,172.02356483056997,46172700,
939,2023-09-26,169.8115997314453,173.01111068359924,169.51534481079926,172.63586851438868,64588900,
940,2023-09-27,168.3007049560547,170.87809720821267,166.93795639924983,170.4633463371719,66921800,
941,2023-09-28,168.5574493408203,169.88070413963854,165.52579782856736,167.22430983558627,56294400,
942,2023-09-29,169.07093811035156,170.9077001905232,168.211797495528,169.87081569769032,51861100,
943,2023-10-02,171.5792236328125,172.12235512412923,168.79444856905252,169.0808338409062,52164500,
944,2023-10-03,170.24609375,171.46073744550782,168.6858469308082,170.1078434596355,49594600,
945,2023-10-04,171.49034118652344,172.03347264460572,168.83394692911625,168.95244285882518,53020300,
946,2023-10-05,172.7247314453125,173.2579782200924,170.52258153582127,171.61871413723316,48527900,
947,2023-10-06,175.2725067138672,175.76625988669193,171.0163417068709,171.6286058875163,57266700,
948,2023-10-09,176.75375366210938,176.81300162773064,173.60360623261292,174.60098214625398,42390800,
949,2023-10-10,176.1612548828125,177.47464011941017,175.72674968355904,175.8748846750232,43698000,
950,2023-10-11,177.55360412597656,177.60298244581088,175.38109366659629,175.97358830016492,47551100,
951,2023-10-12,178.4522705078125,180.06189553412176,176.80312172309905,177.82026707710477,56743100,
952,2023-10-13,176.6155242919922,179.65703072033497,175.91438812346496,179.15340788479125,51427100,
953,2023-10-16,176.4871063232422,176.8426091520335,174.3047110276888,174.54171793626585,52517000,
954,2023-10-17,174.93673706054688,176.19087429527403,172.61610626933813,174.44298390478113,57549400,
955,2023-10-18,173.6431427001953,175.36140946794492,172.9222671603436,173.3863964297676,54764400,
956,2023-10-19,173.26788330078125,175.6181383369893,173.0012523479638,173.84062376512662,59302900,
957,2023-10-20,170.7200927734375,173.22835212793277,170.4830858385587,173.11972583296543,64244000,
958,2023-10-23,170.83860778808594,171.8359838309846,167.80695589693704,168.77472302133776,55980100,
959,2023-10-24,171.2730712890625,171.50019348742782,169.30792860053273,170.88794448829165,43816600,
960,2023-10-25,168.96234130859375,170.89784530264086,168.51795139973865,169.73259505065448,57157000,
961,2023-10-26,164.804931640625,169.2388405091802,163.600172706508,168.2414494672427,70625300,
962,2023-10-27,166.11830139160156,166.8490614359056,164.745668316651,164.82467062426355,58499100,
963,2023-10-30,168.1624755859375,169.03148612945668,166.76021816135642,166.90835317753996,51131000,
964,2023-10-31,168.63644409179688,168.764809656098,165.8022909489589,167.23418704526227,44846000,
965,2023-11-01,171.79647827148438,172.05322449399938,167.99457285522465,168.86358325166134,56934900,
966,2023-11-02,175.35150146484375,175.5588693503195,173.26786256268767,173.32711052996643,77334800,
967,2023-11-03,174.4429931640625,174.61088250590672,171.18423421755685,172.06311427874405,79829200,
968,2023-11-06,176.99078369140625,177.18828197544954,174.00852494560027,174.17639924044474,63841300,
969,2023-11-07,179.54840087890625,180.1606499568927,176.73400192517136,176.9413698079054,70530000,
970,2023-11-08,180.60504150390625,181.15804266662394,179.3212801943679,180.07179468790036,49340300,
971,2023-11-09,180.1310272216797,181.81965455110011,179.53851741631973,180.67415869856794,53763500,
972,2023-11-10,184.3136749267578,184.48178544542026,181.475802800193,181.9108804268445,66133400,
973,2023-11-13,182.73159790039062,183.94782669363863,182.1482051958573,183.74018560328048,43627500,
974,2023-11-14,185.342041015625,186.00454008995078,184.21480130754796,185.59912547957174,60108400,
975,2023-11-15,185.90565490722656,187.3789832148446,185.67823345303117,185.7474572062222,53790500,
976,2023-11-16,187.58660888671875,188.8226178098646,186.53846064597144,187.44817649084638,54412900,
977,2023-11-17,187.56686401367188,188.24914348244,186.4594046371221,188.12059370194675,50922700,
978,2023-11-20,189.30714416503906,189.76200213676566,187.75472463510502,187.76460727588125,46505100,
979,2023-11-21,188.50625610351562,189.37641150816785,187.6163354127611,189.26764208258632,38134500,
980,2023-11-22,189.16876220703125,190.77062554407894,188.69413882716623,189.34675540448387,39617700,
981,2023-11-24,187.84373474121094,188.76331834061182,187.13179223741543,188.7336553269539,24048300,
982,2023-11-27,187.66574096679688,188.5358962659671,186.7857030257735,187.79429075090235,40552600,
983,2023-11-28,188.26890563964844,188.9413024556769,187.2800983304318,187.65584993609482,38415400,
984,2023-11-29,187.25042724609375,189.9399842182602,186.85491037465812,188.7633011569372,43014200,
985,2023-11-30,187.82395935058594,188.18982834207452,186.08366378848976,187.7151899349547,48794400,
986,2023-12-01,189.0995330810547,189.4159436040849,187.11202054575708,188.19971472368132,45704800,
987,2023-12-04,187.30975341796875,187.92282418358675,185.35191925319242,187.85360043262926,43389500,
988,2023-12-05,191.25509643554688,192.2241233156588,188.05135551468544,188.081033613139,66628400,
989,2023-12-06,190.1674346923828,192.58011192579394,189.95977851245675,192.27358406476233,41089700,
990,2023-12-07,192.09559631347656,192.81742141001197,191.42319951100376,191.46276025185608,47477700,
991,2023-12-08,193.51950073242188,193.79636559429088,191.50232520965804,192.0263919187675,53406400,
992,2023-12-11,191.0177764892578,191.32431940935732,189.2774811684409,190.94856782781682,60943700,
993,2023-12-12,192.5306854248047,192.54056806660662,189.57414602172835,190.9189246189266,52696900,
994,2023-12-13,195.74429321289062,195.7838388648497,192.66910200901862,192.90640609677627,70404200,
995,2023-12-14,195.89263916015625,197.38573293709894,193.96446770304377,195.80365011321348,66831600,
996,2023-12-15,195.35867309570312,196.1793699091571,194.79504567055722,195.3191123528845,128538400,
997,2023-12-18,193.69747924804688,194.42920214917604,192.21426816132805,193.89523770867535,55751900,
998,2023-12-19,194.73570251464844,194.74558515548247,193.69745188302565,193.96443406555753,40714100,
999,2023-12-20,192.64932250976562,195.46741418063525,192.64932250976562,194.69614571593394,52242800,
1000,2023-12-21,192.50100708007812,194.8741537657828,191.33422165280876,193.9051267903215,46482500,
1001,2023-12-22,191.43312072753906,193.22285972664613,190.8101672306993,192.99542315884526,37149600,
1002,2023-12-26,190.88926696777344,191.71986154255086,190.67172813799795,191.44299668429173,28919300,
1003,2023-12-27,190.98812866210938,191.33421726083122,188.95118798803827,190.33552729492325,48087700,
1004,2023-12-28,191.413330078125,192.4812438348005,191.00791544042355,191.96705978425237,34049900,
1005,2023-12-29,190.37506103515625,192.2241257878035,189.58401220758475,191.72972215657148,42672100,
1006,2024-01-02,183.56219482421875,186.33085840634024,181.83178197139316,185.05528848269014,82488700,
1007,2024-01-03,182.18772888183594,183.79948946618282,181.37689972544035,182.15806587250447,58414500,
1008,2024-01-04,179.8739471435547,181.04073256447913,178.85547678867908,180.1112512492328,71983600,
1009,2024-01-05,179.152099609375,180.7144169560074,178.15340966673114,179.95304619735901,62379700,
1010,2024-01-08,183.4830780029297,183.52263874374273,179.46852282651062,180.0519155054874,59144500,
1011,2024-01-09,183.06776428222656,183.0776469225398,180.68473531069785,181.86141829199212,42841800,
1012,2024-01-10,184.1060333251953,184.31367440860302,181.8614365329183,182.2866315170422,46792900,
1013,2024-01-11,183.5127410888672,184.9564063690912,181.5647895230864,184.4521049955326,49128400,
1014,2024-01-12,183.8390655517578,184.64989484239166,183.11724039185432,183.97749798089004,40477800,
1015,2024-01-16,181.57469177246094,182.1976301200088,178.90489995610474,180.12114381484557,65603000,
1016,2024-01-17,180.6353302001953,180.88253205239923,178.28197882705663,179.2411232206481,47317400,
1017,2024-01-18,186.5187225341797,187.02300881659582,183.75005912545993,184.0071435872404,78005800,
1018,2024-01-19,189.41592407226562,189.80155831594578,186.70660172518024,187.21088801676132,68903000,
1019,2024-01-22,191.71986389160156,193.143748944668,190.1081030206995,190.14766376550878,60133900,
1020,2024-01-23,192.9954071044922,193.55903452389106,191.66052626402544,192.83720939883855,42355600,
1021,2024-01-24,192.322998046875,194.18196038829024,192.16478527569066,193.23269884918452,53631300,
1022,2024-01-25,191.9967041015625,194.07320538533628,190.9485708187439,193.0349547434494,54822100,
1023,2024-01-26,190.26629638671875,192.58010181757646,189.7916731135176,192.09559590318426,44594000,
1024,2024-01-29,189.5840301513672,190.04877081575225,187.45810037105477,189.86089500402176,47145600,
1025,2024-01-30,185.93528747558594,189.65321196848186,185.37167525303494,188.8028372268088,55859400,
1026,2024-01-31,182.33604431152344,185.0058358609704,182.28661602120093,184.94649475418208,55467800,
1027,2024-02-01,184.76852416992188,184.857513201702,181.7625567551165,181.93065217781273,64885400,
1028,2024-02-02,183.7698516845703,185.23328233515724,177.2437171517322,177.84689023760967,102551700,
1029,2024-02-05,185.57933044433594,187.13176501057416,183.75992879401906,186.04407104136263,69668800,
1030,2024-02-06,187.1812286376953,187.19111127921153,184.67954732588265,184.76853636353553,43490800,
1031,2024-02-07,187.29000854492188,188.91165203661865,186.49895962721544,188.50623739169367,53439000,
1032,2024-02-08,186.21221923828125,187.41855040104747,185.25307484073457,187.27023532431497,40962000,
1033,2024-02-09,186.97454833984375,188.10322646586073,186.13298359451971,186.77652244170517,45155200,
1034,2024-02-12,185.29141235351562,186.796321504533,184.9349868995182,186.54880424779185,41781900,
1035,2024-02-13,183.20237731933594,184.36077144619387,181.68757282391297,183.92513863049606,56529500,
1036,2024-02-14,182.32119750976562,183.68749754312392,180.6281880058035,183.47959151637605,54630500,
1037,2024-02-15,182.03411865234375,182.65786706531418,179.5490504680876,181.72719962604296,65434500,
1038,2024-02-16,180.4994659423828,183.01424950876478,179.8658224253954,181.59844306951368,49752500,
1039,2024-02-20,179.75694274902344,180.6182980286837,178.2124373755958,179.98465441119404,53665600,
1040,2024-02-21,180.50938415527344,181.0737156195715,178.8658660184515,180.13315310757224,41371400,
1041,2024-02-22,182.53903198242188,183.1231842228548,180.64801151557128,181.65787110291916,52292200,
1042,2024-02-23,180.70741271972656,183.20237592421455,180.42028422645075,183.17267506039363,45119700,
1043,2024-02-26,179.36093139648438,180.94503297704767,178.85598645977296,180.4302078946742,40867400,
1044,2024-02-27,180.81629943847656,182.09348175278842,177.77678047240937,179.3014951345761,54318900,
1045,2024-02-28,179.6183319091797,181.30144633523983,178.34114943443706,180.69750358801915,48953900,
1046,2024-02-29,178.9550018310547,180.75693496542868,177.74711623943745,179.46984202762675,136682600,
1047,2024-03-01,177.87582397460938,178.7371792855814,175.61846756104012,177.76691576574171,73563100,
1048,2024-03-04,173.36111450195312,175.14322688917085,172.06411122315788,174.40067502541135,81510100,
1049,2024-03-05,168.43055725097656,170.33148818677603,167.93552268101038,169.06420089624305,95132400,
1050,2024-03-06,167.4404754638672,169.53943215491887,167.00484265804033,169.36121186741923,68587700,
1051,2024-03-07,167.3216552734375,169.0344703547855,166.81672553933012,167.47015957545335,71765100,
1052,2024-03-08,169.0345001220703,171.97500667784078,167.2622830078253,167.3216847390924,76267000,
1053,2024-03-11,171.034423828125,172.64824117092596,170.34137853305091,171.22253935977105,60139500,
1054,2024-03-12,171.50965881347656,172.3017170819102,169.31170429451927,171.43045147590772,59825400,
1055,2024-03-13,169.43051147460938,171.4700511814422,169.0641756745517,171.05422401757613,52488700,
1056,2024-03-14,171.28195190429688,172.57893998999515,170.34138929390355,171.19284931228447,72913500,
1057,2024-03-15,170.90570068359375,170.90570068359375,168.5988381717502,169.47010369924573,121752700,
1058,2024-03-18,171.99478149414062,175.94516209588443,171.79677072295308,173.82641511894556,75604200,
1059,2024-03-19,174.3313446044922,174.85607994565953,171.31163124958826,172.6086191723699,55215200,
1060,2024-03-20,176.8956298828125,176.8956298828125,173.3511809805003,173.97492929704185,53423100,
1061,2024-03-21,169.66812133789062,175.72735394947048,169.14338597139206,175.29172116809335,106181300,
1062,2024-03-22,170.569091796875,171.33144918231721,168.37113733503185,170.05425166968308,71160100,
1063,2024-03-25,169.15328979492188,170.23246134793257,167.76718417070535,168.8760716915293,54288300,
1064,2024-03-26,168.02462768554688,169.71763732680742,167.8959138727621,168.31174106723407,57388400,
1065,2024-03-27,171.58885192871094,171.87598039200594,168.42063422483255,168.7176579392829,60273300,
1066,2024-03-28,169.7770538330078,170.51960569647457,168.81668554767697,170.04437673388762,65672700,
1067,2024-04-01,168.3414306640625,169.54931605122675,167.79688969325008,169.48991432845702,46240500,
1068,2024-04-02,167.16326904296875,167.65830361021796,166.55932626663449,167.40089107386055,49329500,
1069,2024-04-03,167.96524047851562,168.98501058686435,166.9058742477708,167.11378032805132,47691700,
1070,2024-04-04,167.14346313476562,170.21266810452119,167.14346313476562,168.59885072968464,53704400,
1071,2024-04-05,167.89593505859375,168.69788868535903,167.27218663455102,167.90583031188157,42104800,
1072,2024-04-08,166.7771453857422,167.51969724864153,166.56923932419392,167.35138730592178,37425500,
1073,2024-04-09,167.98501586914062,168.39094781013864,166.67813256359855,167.02464767080627,42373800,
1074,2024-04-10,166.11380004882812,167.41078821247058,165.45045553411236,167.1236748074244,49709300,
1075,2024-04-11,173.30166625976562,173.71750852250418,166.49000200344838,166.6682071669761,91070300,
1076,2024-04-12,174.79669189453125,176.5887144383463,172.47993396851362,172.52942533467058,101670900,
1077,2024-04-15,170.97503662109375,174.8759113224836,170.7869210734751,173.61851932570818,73531800,
1078,2024-04-16,167.69790649414062,172.0343988146065,166.59892920522176,170.04436539186383,73711200,
1079,2024-04-17,166.33157348632812,168.95525000139605,166.33157348632812,167.92558500319552,50901200,
1080,2024-04-18,165.38113403320312,166.96525061902096,164.89600984807865,166.36130787024413,43122900,
1081,2024-04-19,163.3614044189453,164.7474951408098,162.4505426435407,164.55939469854349,68149400,
1082,2024-04-22,164.1930694580078,165.5989658830707,163.13370328942287,163.87625517565544,48116400,
1083,2024-04-23,165.24253845214844,165.39105789202225,163.2822057253187,163.70794332424896,49537800,
1084,2024-04-24,167.34149169921875,167.6187098522012,164.5593998092657,164.8861093338651,48251800,
1085,2024-04-25,168.2028045654297,168.91565538094494,166.4800792433924,167.84637915767206,50558300,
1086,2024-04-26,167.6186981201172,169.63843239437367,167.49987955768663,168.19293999888993,44838400,
1087,2024-04-29,171.77699279785156,174.28186646983917,171.38097119165224,171.64827897757164,68169400,
1088,2024-04-30,168.6384735107422,173.2521991943247,168.31174889120035,171.60868084411632,65934800,
1089,2024-05-01,167.6186981201172,170.99483730573115,167.43058257791944,167.8959162536964,50383100,
1090,2024-05-02,171.31163024902344,171.69775653757537,169.19288328746214,170.79679016186972,94214900,
1091,2024-05-03,181.55886840820312,185.14291355827163,180.84601747897057,184.7963833456082,163224100,
1092,2024-05-06,179.9054412841797,182.37070337959045,178.62824383792136,180.5390848280799,78569700,
1093,2024-05-07,180.58859252929688,183.06376520709566,179.51933122687228,181.6281680754234,77305800,
1094,2024-05-08,180.9252166748047,181.25194126160505,179.64801918938014,181.0341248704048,45057100,
1095,2024-05-09,182.737060546875,182.82616313989396,180.30148392023486,180.74701199258516,48983000,
1096,2024-05-10,181.4779510498047,183.50042466657956,180.56585391849484,183.3120539854214,50759500,
1097,2024-05-13,184.6802215576172,185.49318663872077,183.0344740478803,183.84743912898392,72044800,
1098,2024-05-14,185.82034301757812,186.6828817403559,184.6901339480471,185.89965779253163,52393600,
1099,2024-05-15,188.0906982421875,189.01270420161362,185.76087383759318,186.2962448244031,70400000,
1100,2024-05-16,188.20962524414062,189.45881387860598,188.03117836935675,188.83421956137332,52845200,
1101,2024-05-17,188.23939514160156,189.17132485957902,187.55531842828847,187.88248620977504,41282900,
1102,2024-05-20,189.3993377685547,190.2717851507536,187.38677266186554,187.70403175639103,44361300,
1103,2024-05-21,190.69808959960938,191.07481584379752,189.28036268210627,189.44890089382775,42309400,
1104,2024-05-22,189.26052856445312,191.16405275409193,188.63594934473116,190.61877317517173,34648500,
1105,2024-05-23,185.2750701904297,189.35968258649532,185.02721720275102,189.3398501117122,51005900,
1106,2024-05-24,188.34841918945312,188.94327235106317,186.4250777783575,187.19839293954828,36327000,
1107,2024-05-28,188.35836791992188,191.3425125399711,187.4760118609873,189.86530324069457,52280100,
1108,2024-05-29,188.65577697753906,190.59895109353056,187.8824768517226,187.98162409974876,53068000,
1109,2024-05-30,189.64718627929688,190.52954231443272,188.99286588586446,189.12173915319045,49889100,
1110,2024-05-31,190.59893798828125,190.9161970579539,188.2790377703441,189.79589676882185,75158300,
1111,2024-06-03,192.36367797851562,193.31544019840626,190.86665123579675,191.24337752621932,50080500,
1112,2024-06-04,192.68092346191406,193.64259428823095,191.3722523931234,192.96842627855952,47471400,
1113,2024-06-05,194.18785095214844,195.20900403542353,193.19643901671662,193.72188613227584,54156800,
1114,2024-06-06,192.809814453125,194.81247106318253,192.50247913295604,194.0094297097739,41181800,
1115,2024-06-07,195.1990966796875,195.24867030234284,192.47271383884646,192.97832848334124,53103900,
1116,2024-06-10,191.4614715576172,195.60558138834554,190.49980075281104,195.20900753042525,97010200,
1117,2024-06-11,205.37095642089844,205.3808802210458,191.96707924808354,191.98689659289002,172373300,
1118,2024-06-12,211.2401580810547,218.3089152196564,205.1231328450552,205.58909768640683,198134300,
1119,2024-06-13,212.40011596679688,214.8885546834631,209.7827888470424,212.8958219752939,97862700,
1120,2024-06-14,210.66513061523438,213.32210737882852,209.4853479747781,212.01345147179217,70122700,
1121,2024-06-17,214.80921936035156,217.06963733267014,210.8931452933454,211.5375569916551,93728300,
1122,2024-06-18,212.4496612548828,216.75240063817128,211.1707464886947,215.72132373307375,79943300,
1123,2024-06-20,207.87925720214844,212.40010854906527,207.0563985691976,212.09275812722348,86172500,
1124,2024-06-21,205.70806884765625,210.07027533194446,205.33132746963062,208.58315742215362,241805100,
1125,2024-06-24,206.35247802734375,210.87331399723786,204.8157865138524,205.93608683303725,80727000,
1126,2024-06-25,207.27452087402344,209.56468024841507,206.8184646829133,207.35382052419757,55549700,
1127,2024-06-26,211.41859436035156,213.01476817493463,208.8310086144187,209.68362348048936,66213200,
1128,2024-06-27,212.2613067626953,213.88722177256454,210.5263358320774,212.8462361886446,49772700,
1129,2024-06-28,208.81117248535156,214.21437951883613,208.4939285392998,213.91695291908772,82542700,
1130,2024-07-01,214.88853454589844,215.64200216221636,210.10001313722785,210.26855134899324,60402900,
1131,2024-07-02,218.37831115722656,218.4873670751859,213.25271326862932,214.2936836981781,58046200,
1132,2024-07-03,219.64730834960938,219.64730834960938,217.14894613859082,218.11061688690268,37369800,
1133,2024-07-05,224.3961639404297,224.5052198536283,219.7464397478406,219.7464397478406,60412400,
1134,2024-07-08,225.86349487304688,225.89323602358715,221.33273465594922,225.1397532025748,59085900,
1135,2024-07-09,226.716064453125,227.42988222637766,224.4259054004998,225.9725055332989,48076100,
1136,2024-07-10,230.97915649414062,231.0783037422216,227.28119408246098,227.3307677065015,62627700,
1137,2024-07-11,225.6156005859375,230.39419780728426,223.83105624130303,229.40278596334778,64710600,
1138,2024-07-12,228.56008911132812,230.64206011910093,226.71606240173486,226.9540066999144,53046500,
1139,2024-07-15,232.386962890625,235.1926606193721,231.0882156126273,234.44910163171727,62631300,
1140,2024-07-16,232.8033447265625,234.24088892580107,230.3347237014565,232.98179160349451,43234300,
1141,2024-07-17,226.9143524169922,229.47219684306242,224.6935843942369,227.47944931340314,57345900,
1142,2024-07-18,222.25473022460938,228.46097889584826,220.36114484151935,228.3023493485251,66034600,
1143,2024-07-19,222.38360595703125,224.8522270905052,221.36245288688534,222.88923571935766,49151500,
1144,2024-07-22,222.03662109375,225.82380677595344,221.174082433242,225.06041535891617,48201800,
1145,2024-07-23,223.0775909423828,224.9910238167192,220.76759935066607,222.44308791792702,39960300,
1146,2024-07-24,216.66317749023438,222.86942645430565,215.2652980307627,222.07629380801336,61777600,
1147,2024-07-25,215.62220764160156,218.95335266428125,212.7768448313927,217.0498282561097,51391200,
1148,2024-07-26,216.08815002441406,217.6050090608147,214.15488466672127,216.8217851678197,41601300,
1149,2024-07-29,216.3657684326172,217.41666277155184,213.89714701413598,215.09676223529075,36311800,
1150,2024-07-30,216.9209442138672,218.43780333279796,214.26395224147618,217.3075942808937,41643800,
1151,2024-07-31,220.17274475097656,221.8978068103832,218.73520059867647,219.5382417741392,50036300,
1152,2024-08-01,216.48471069335938,222.55214689360594,215.15622233135366,222.44309097566543,62501000,
1153,2024-08-02,217.97183227539062,223.66254232334134,215.84030263063204,217.2679231335739,105568600,
1154,2024-08-05,207.4727783203125,211.66644653820467,194.31673780556494,197.38019703112641,119548600,
1155,2024-08-06,205.45028686523438,208.18659343179937,199.34320096724198,203.53686913101606,69660500,
1156,2024-08-07,208.01805114746094,211.80523672133984,204.61750047992084,205.12311510057037,63516400,
1157,2024-08-08,211.47805786132812,212.36041379670297,207.03653703937619,211.27977851822874,47161100,
1158,2024-08-09,214.38291931152344,214.91827509282652,210.1495861717322,210.2784745623819,42201600,
1159,2024-08-12,215.91146850585938,217.8767320905019,213.9958359256548,214.4623401059105,38028100,
1160,2024-08-13,219.62362670898438,220.2390087017958,217.38043273085663,217.38043273085663,44155300,
1161,2024-08-14,220.07029724121094,221.37054778476931,218.06532277692483,218.92885985517657,41960600,
1162,2024-08-15,223.04795837402344,223.67327566716008,221.1025352094067,222.9288560878089,46414000,
1163,2024-08-16,224.3680877685547,225.1422830006272,221.98593577772976,222.25393109506462,44340200,
1164,2024-08-19,224.20925903320312,224.30852103873067,221.38045847347976,224.0405257400108,40687800,
1165,2024-08-20,224.82464599609375,225.47973889834265,223.7725353535306,224.0901616619868,30299000,
1166,2024-08-21,224.71546936035156,226.28371522001356,223.37552309496598,224.8345868015738,34765500,
1167,2024-08-22,222.859375,226.64102413052154,222.2340576918725,226.09511339685906,43695300,
1168,2024-08-23,225.1521759033203,226.52191275369313,222.66085720360698,223.98096305377334,38677300,
1169,2024-08-26,225.48965454101562,225.58891654674125,222.22414052811973,225.0727813784282,30602200,
1170,2024-08-27,226.33334350585938,227.14724957253156,223.21670725505913,224.31844891527626,35934600,
1171,2024-08-28,224.80479431152344,228.14971479709,224.0008084384826,226.22414704916858,38052200,
1172,2024-08-29,228.0802459716797,231.18696212304621,227.1770283167567,228.3879521456165,51906300,
1173,2024-08-30,227.296142578125,228.6857199244299,225.787447784096,228.47729089511273,52990800,
1174,2024-09-03,221.11248779296875,227.2961293418145,219.52438650802387,226.84948058831634,50190600,
1175,2024-09-04,219.2067413330078,220.12981427069212,215.8618059815911,220.0107119936371,43840200,
1176,2024-09-05,220.72540283203125,223.80232842315377,219.87180099289256,219.98098315180297,36615400,
1177,2024-09-06,219.177001953125,223.56411324365834,218.13481142105056,222.2837029728863,48423000,
1178,2024-09-09,219.26632690429688,219.6236489368284,215.09757995493325,219.17700018247805,67180000,
1179,2024-09-10,218.47227478027344,219.83207646515766,215.1174187834135,217.29112653781655,51591000,
1180,2024-09-11,221.00331115722656,221.4301044903715,216.26879790334314,219.81224273641337,44587100,
1181,2024-09-12,221.11248779296875,221.8866830044339,218.1844402475294,220.84449248276735,37455600,
1182,2024-09-13,220.844482421875,222.37301734416337,220.25887596851652,221.91644846858938,36766600,
1183,2024-09-16,214.71046447753906,215.6037619118882,212.32831274384958,214.9288136198369,59357400,
1184,2024-09-17,215.17697143554688,215.28615358843467,212.904016801209,214.14471619981742,45519300,
1185,2024-09-18,219.04795837402344,221.05293280374121,215.92138686335736,215.9313221513165,59894900,
1186,2024-09-19,227.16708374023438,228.11002736409566,222.95864123060412,223.31596324984213,66781300,
1187,2024-09-20,226.50204467773438,231.35565937992675,225.92635842704388,228.25887899921625,318679900,
1188,2024-09-23,224.7849578857422,227.74278104335218,224.12986496132828,225.64847983003366,54146000,
1189,2024-09-24,225.67823791503906,227.64351653597865,224.05044101841318,226.94871280288095,43556100,
1190,2024-09-25,224.68568420410156,225.59883710649478,222.35317851779175,223.2563961324406,42308700,
1191,2024-09-26,225.8271484375,226.79985253593196,223.73284722402752,225.608784129346,36636700,
1192,2024-09-27,226.09510803222656,227.81224676693589,225.60876359989413,226.76013618443497,34026000,
1193,2024-09-30,231.266357421875,231.266357421875,227.9412771261621,228.3283747151782,54541900,
1194,2024-10-01,224.52688598632812,227.9412778656533,222.07526286618742,227.81225543239978,63285000,
1195,2024-10-02,225.0926513671875,225.67825786117984,221.36063294746157,224.2092739820147,32880600,
1196,2024-10-03,223.99090576171875,225.12242301224842,221.65839996957536,223.4648504260935,34044200,
1197,2024-10-04,225.1125030517578,226.30357145139808,222.46237094034984,226.20430944090455,37245100,
1198,2024-10-07,220.04052734375,224.01076551273388,219.68320530273118,222.8296172342201,39505400,
1199,2024-10-08,224.09019470214844,224.2986237457049,221.58894016266356,222.63113081622043,31855700,
1200,2024-10-09,227.8321075439453,228.04055170887608,223.1571606453159,223.554178398676,33591100,
1201,2024-10-10,227.33583068847656,227.7924147414137,225.47974919262126,226.08521111865923,28183500,
1202,2024-10-11,225.85693359375,227.70309500312143,225.64848941975737,227.5939128444124,31759200,
1203,2024-10-14,229.5790252685547,230.00581860221664,226.89911753216435,226.99836439928595,39882100,
1204,2024-10-15,232.1100311279297,235.72294688412148,230.64103225198252,231.87181141001133,64751400,
1205,2024-10-16,230.05543518066406,230.3929017691756,228.12986736523644,229.87678174389526,34082200,
1206,2024-10-17,230.42266845703125,232.1100316250369,228.80480686495974,231.69314333147315,32993800,
1207,2024-10-18,233.25148010253906,234.4226930307779,232.26884075534687,234.4226930307779,46431500,
1208,2024-10-21,234.720458984375,235.08771628667242,232.7055644739604,232.7055644739604,36254500,
1209,2024-10-22,234.10508728027344,234.4624093106695,230.86934872103873,232.14974382855843,38846600,
1210,2024-10-23,229.0430450439453,233.39046088528607,226.06536628034368,232.338350145388,52287000,
1211,2024-10-24,228.85446166992188,229.10260155629064,226.710529416834,228.26884002769643,31109500,
1212,2024-10-25,229.6881866455078,231.48471683213373,227.86188088691335,228.03061417648678,38802300,
1213,2024-10-28,231.6633758544922,232.98348177622344,230.81970938626554,231.5839844241638,36087100,
1214,2024-10-29,231.93138122558594,232.5864741436605,230.59143496071306,231.36563017470797,35417200,
1215,2024-10-30,228.387939453125,231.7328600109945,227.8420287171323,230.87925826342104,47070900,
1216,2024-10-31,224.22911071777344,228.11994197442104,223.693120129287,227.63358238786932,64370100,
1217,2024-11-01,221.25146484375,223.67331269945134,218.63110809640673,219.3258967897823,65276700,
1218,2024-11-04,220.35809326171875,221.13228833403582,218.07521889964485,219.3456936411525,44944500,
1219,2024-11-05,221.7874298095703,222.28370958768312,219.49461965793014,220.14971259990074,28111300,
1220,2024-11-06,221.06285095214844,224.387931303672,219.54423614319148,220.95366880237512,54561100,
1221,2024-11-07,225.7874298095703,226.18446269494834,222.89909318788202,222.95864433437472,42137700,
1222,2024-11-08,225.51914978027344,227.20835428792034,224.9726384261151,225.72780810336752,38328800,
1223,2024-11-11,222.8064727783203,224.26714170400084,220.0938084143074,223.57158868270503,42005600,
1224,2024-11-12,222.8064727783203,224.15783943194586,221.9420008205612,223.12444853772337,40398300,
1225,2024-11-13,223.6908416748047,225.2111273985325,221.34582330978657,222.58788780053936,48566200,
1226,2024-11-14,226.77113342285156,227.41700079571672,223.5715745650122,223.5914518391994,44923900,
1227,2024-11-15,223.57159423828125,225.47940335635096,222.8462328667566,224.96270031544069,47923700,
1228,2024-11-18,226.57241821289062,228.28149999782985,223.74050538640262,223.8199993254601,44633700,
1229,2024-11-19,226.8307647705078,228.6988344551977,225.22105418122663,225.53901477922054,36211800,
1230,2024-11-20,227.54620361328125,228.4702922716314,224.45594670445817,226.61216873586113,35169600,
1231,2024-11-21,227.0692596435547,228.6988476019872,224.27710117470866,227.42697481306035,42108300,
1232,2024-11-22,228.41065979003906,229.25526960886552,226.6121530455377,226.6121530455377,38168300,
1233,2024-11-25,231.39161682128906,231.7692092379923,228.28149797848934,229.99057974831032,90152800,
1234,2024-11-26,233.56771850585938,234.07449047305911,231.84870566104107,231.84870566104107,45986200,
1235,2024-11-27,233.4385223388672,234.19370712659864,232.32563759305353,232.98145117337265,33498400,
1236,2024-11-29,235.82330322265625,236.3002516789311,232.48463370489634,233.3192972938568,28481400,
1237,2024-12-02,238.0689697265625,239.26134854667043,235.65440375298792,235.76370602927642,48137100,
1238,2024-12-03,241.1095428466797,241.21884512379424,237.38334952948236,238.2875760799829,38861000,
1239,2024-12-04,241.4672393798828,242.5602620666903,239.71841824290905,241.32812877991805,44383900,
1240,2024-12-05,241.4970703125,242.98754766386446,240.59285890906452,242.44105143123323,40033900,
1241,2024-12-06,241.29832458496094,243.0769692456264,240.5431549096241,241.36788746709487,36870600,
1242,2024-12-09,245.18350219726562,245.67039687977774,240.21524480725012,240.29473874492055,44649200,
1243,2024-12-10,246.19703674316406,246.63424582967986,243.7824557106041,245.32261857013248,36914800,
1244,2024-12-11,244.9251708984375,249.20780656351602,244.69662013013263,246.3858398593606,45205800,
1245,2024-12-12,246.38580322265625,247.16085008725614,244.12026412392174,245.32258896675415,32777500,
1246,2024-12-13,246.5547332763672,247.7073574078961,244.6767326870094,246.24670376010008,33155300,
1247,2024-12-16,249.44625854492188,249.78411156803347,246.07778066556844,246.41563368868003,51694800,
1248,2024-12-17,251.8707733154297,252.21855739876366,248.19426586582333,248.49236434269267,51356400,
1249,2024-12-18,246.4752655029297,252.6657103008961,246.1672359539693,250.55917390522964,56774100,
1250,2024-12-19,248.20419311523438,250.400169527173,245.5213371883983,245.92873792847348,60882300,
1251,2024-12-20,252.8743896484375,253.3811464831127,244.13025293349912,246.4653249902114,147495300,
1252,2024-12-23,253.6494140625,254.02699130961165,251.84096111600803,253.15258832932108,40858800,
1253,2024-12-24,256.5608215332031,256.5707374276886,253.66927695641888,253.868019379837,23234700,
1254,2024-12-26,257.37554931640625,258.44870970386563,255.9943897750778,256.55083207826743,27237100,
1255,2024-12-27,253.96737670898438,257.05764856283577,251.45343969164696,256.19314630806485,42355300,
1256,2024-12-30,250.59889221191406,251.8906421270002,249.15810064436016,250.6287005424076,35557500,
1257,2024-12-31,248.8302001953125,251.6720440162376,247.84647977817443,250.83738041728796,39480700,
1258,2025-01-02,242.30191040039062,247.51858047528103,240.28479918438643,247.34964638751123,55740700,
1259,2025-01-03,241.8150177001953,242.6298040057451,240.3543488544026,241.8150177001953,40244100,
1260,2025-01-06,243.44461059570312,245.75982034447205,241.65603491404494,242.75898865424097,45045600,
1261,2025-01-07,240.6723175048828,243.99110961427562,239.81777667580207,241.4374181829594,40856000,
1262,2025-01-08,241.15921020507812,242.16280789951685,238.52603985831155,240.3841632667122,37628900,
1263,2025-01-10,235.3463592529297,238.63534322792128,231.52079498772144,238.48628640867517,61710900,
1264,2025-01-13,232.9119110107422,233.18020116738663,228.26162915914,232.04743903723335,49630700,
1265,2025-01-14,231.7990264892578,234.62099318079112,230.99417118008773,233.25969544364762,39435300,
1266,2025-01-15,236.35989379882812,237.4429855317883,232.94172997653553,233.1504034772107,39832000,
1267,2025-01-16,226.8109130859375,236.4990163708154,226.58237745891398,235.84321782536014,71759100,
1268,2025-01-17,228.51995849609375,230.81529094249188,227.0294813062853,230.64637201374376,68488300,
1269,2025-01-21,221.2265625,222.99526090225285,217.98726416864307,222.57792910461188,98070400,
1270,2025-01-22,222.4090118408203,222.6971640978084,218.39465138442915,218.39465138442915,64126500,
1271,2025-01-23,222.2401123046875,225.58871322146769,220.88874557201237,223.3132578125695,60234800,
1272,2025-01-24,221.36566162109375,224.19757422629087,220.00436403066544,223.35296445648333,54697900,
1273,2025-01-27,228.40072631835938,230.67618150163648,222.5580508531902,222.5978054024586,94863400,
1274,2025-01-28,236.74740600585938,238.66516132615985,229.3447052045828,229.3844597561093,75707600,
1275,2025-01-29,237.84043884277344,238.33726462451705,232.52439691334908,232.63369919180946,45486100,
1276,2025-01-30,236.08164978027344,239.26133146080375,235.7040725307193,237.1547951903121,55658300,
1277,2025-01-31,234.5017547607422,245.62071750771995,231.95800933839706,245.62071750771995,100959800,
1278,2025-02-03,226.5624542236328,230.35820991583037,224.26712187534005,228.5298949466701,73063300,
1279,2025-02-04,231.32205200195312,231.64995878770605,225.21108671424065,225.8072836268673,45067300,
1280,2025-02-05,230.99417114257812,231.19289841511937,226.82083777153602,227.0791817096477,39620300,
1281,2025-02-06,231.73941040039062,232.31573010563136,228.96711414866223,229.8216550685821,29925300,
1282,2025-02-07,226.18492126464844,232.51447718052603,225.81725985814606,231.12337098865854,39707200,
1283,2025-02-10,226.4534454345703,229.3779949636392,226.005813710008,228.36336710225459,33115600,
1284,2025-02-11,231.39735412597656,233.99363668198936,226.93096309298542,227.00058728303875,53718400,
1285,2025-02-12,235.625,235.71453849328682,229.4675323792709,229.98480349517558,45243300,
1286,2025-02-13,240.26051330566406,241.06625350434595,234.33184765944378,235.66480095549997,53614100,
1287,2025-02-14,243.31439208984375,244.25939586817944,239.72336558929686,239.981993568851,40896200,
1288,2025-02-18,243.18508911132812,243.89134891584123,240.56890729516905,242.8667637165237,48822500,
1289,2025-02-19,243.58294677734375,244.7169542759842,241.88194311867716,243.37405904734027,32204200,
1290,2025-02-20,244.5379180908203,245.4829218502696,243.00600383864503,243.65259654249155,32316900,
1291,2025-02-21,244.2593994140625,247.38289505871285,243.93113206298463,244.65729095432025,53197400,
1292,2025-02-24,245.80125427246094,247.55199828948733,243.1353323966777,243.64264638435856,51326400,
1293,2025-02-25,245.74156188964844,248.68601093773057,243.62276739789988,246.69652285022872,48013300,
1294,2025-02-26,239.09669494628906,243.6924078784846,237.8731639406897,243.04583027825979,44433600,
1295,2025-02-27,236.05276489257812,241.18564780716906,235.81402085750776,238.1516754344793,41153600,
1296,2025-02-28,240.56887817382812,240.8175641664438,228.9900589647863,235.70458076540925,56833400,
1297,2025-03-03,236.77891540527344,242.74737946323825,234.8690087281554,240.51914741730602,47184000,
1298,2025-03-04,234.68994140625,238.80819608105105,233.44651142335266,236.46059966619734,53798100,
1299,2025-03-05,234.50096130371094,235.30670153327668,228.0251680036218,234.18263593082168,47227600,
1300,2025-03-06,234.09312438964844,236.60982567864426,231.93453157387603,233.207802772317,45170400,
1301,2025-03-07,237.81344604492188,240.10134501237943,233.5260868229449,233.8742532807345,46273600,
1302,2025-03-10,226.28436279296875,234.91874867921032,223.04150278970278,234.3019970725287,72071200,
1303,2025-03-11,219.6792755126953,224.65299583409444,216.3070937419303,222.63366659789358,76137400,
1304,2025-03-12,215.83956909179688,220.58450266635003,213.78045671174684,218.98296406915986,62547500,
1305,2025-03-13,208.5779266357422,215.70029772842102,207.3245545879158,214.81497612462363,61368300,
1306,2025-03-14,212.36790466308594,212.8254784087618,208.4784519318959,210.13967261110687,60107600,
1307,2025-03-17,212.87521362304688,214.0888025037831,208.8663965620962,212.18883784213668,48073400,
1308,2025-03-18,211.5720977783203,214.01915944879542,210.37840804794794,213.03437263106773,42432400,
1309,2025-03-19,214.1086883544922,217.61017604964766,212.62651443867486,213.0940452987452,54385400,
1310,2025-03-20,212.97470092773438,216.3468825511506,211.10457731145533,212.86527847830126,48862900,
1311,2025-03-21,217.12278747558594,217.68978368973626,210.16952111998106,210.44804823896536,94127800,
1312,2025-03-24,219.56985473632812,220.31591279023903,217.43116105321957,219.83843988574125,44299500,
1313,2025-03-25,222.573974609375,222.92214108802088,218.92326587520165,219.6096416779903,34493600,
1314,2025-03-26,220.3656463623047,223.83730853242594,219.3112201065871,222.33523531503357,34466100,
1315,2025-03-27,222.6734619140625,223.80746952519274,219.40074548587612,220.2263848697343,37094800,
1316,2025-03-28,216.7547149658203,222.6336557419088,216.5358700680628,220.504904155295,39818600,
1317,2025-03-31,220.9624786376953,224.4341253115235,215.09348022110552,215.86937928840504,65299300,
1318,2025-04-01,222.01690673828125,222.5043215641154,217.74944665223015,218.65466729819107,36412700,
1319,2025-04-02,222.71324157714844,224.00641185945875,219.8583310514353,220.15675729790527,35905900,
1320,2025-04-03,202.12203979492188,206.39944211542388,200.19223396809613,204.4596791341039,103419000,
1321,2025-04-04,187.389892578125,198.82944937179326,186.35535024633944,192.87092693410324,125910900,
1322,2025-04-07,180.50624084472656,193.12952861035487,173.70218080411468,176.26862197387908,160466300,
1323,2025-04-08,171.51376342773438,189.33957458197378,168.32064359895526,185.71870692843436,120859500,
1324,2025-04-09,197.8048553466797,199.55559936553783,170.98654976711688,171.04623198001363,184395900,
1325,2025-04-10,189.4191436767578,193.7562279640405,182.03814529024513,188.07624843340898,121880000,
1326,2025-04-11,197.1085205078125,198.49121408156802,185.0820690088969,185.12186726950821,87435900,
1327,2025-04-14,201.45556640625,211.8207974391945,200.10271391024364,210.32868138530173,101352900,
1328,2025-04-15,201.07754516601562,202.44033954558066,198.74984792281177,200.7990180691496,51343900,
1329,2025-04-16,193.24891662597656,199.64511311117855,191.35889396287376,197.31741584829123,59732400,
1330,2025-04-17,195.9446563720703,197.78493872612725,193.39811432307044,196.16350125239885,52164700,
1331,2025-04-21,192.14476013183594,192.78139570274652,188.8123615658979,192.25418258208256,46742500,
1332,2025-04-22,198.690185546875,200.53045296496776,194.93999616163734,195.0892017003565,52976400,
1333,2025-04-23,203.52462768554688,206.9067512010516,201.7340854567431,204.9172632087338,52929200,
1334,2025-04-24,207.27481079101562,207.73239972806866,201.87335793866913,203.81310578126346,47311000,
1335,2025-04-25,208.18002319335938,208.6475540878433,205.1162098506388,205.28531450927932,38222300,
1336,2025-04-28,209.0355224609375,210.38837503045187,206.36961558551846,208.89625889548412,38743100,
1337,2025-04-29,210.09988403320312,211.12446912484504,207.27479957627347,207.59312493762445,36827600,
1338,2025-04-30,211.38311767578125,212.45744310704663,205.58375784941018,208.19993964532281,52286500,
1339,2025-05-01,212.19879150390625,213.43226431553572,207.8020097882055,207.98107159612528,57365700,
1340,2025-05-02,204.27069091796875,205.9020705063368,201.09745506032002,205.0067917796952,101010600,
1341,2025-05-05,197.8446502685547,203.0272736250085,197.1682315771274,202.03252954096354,69018500,
1342,2025-05-06,197.46664428710938,199.5953960373684,195.98448530396325,197.16823320230833,51216500,
1343,2025-05-07,195.21852111816406,198.3917570874617,192.23428894820486,198.12317194216024,68536700,
1344,2025-05-08,196.45201110839844,198.99855348942916,193.65676753221484,196.68079799363124,50478900,
1345,2025-05-09,197.4865264892578,199.48595647897335,196.50172445806652,197.95405738682032,36453900,
1346,2025-05-12,209.95704650878906,210.435160708662,205.93301745006437,210.13634313336473,63775800,
1347,2025-05-13,212.08860778808594,212.55675181657614,208.1741443311085,209.5984864444124,51909300,
1348,2025-05-14,211.49098205566406,213.09462076548897,209.74789716231066,211.59057778761635,49325800,
1349,2025-05-15,210.6144561767578,212.11849916658366,208.71199985896817,210.11643191755599,45029500,
1350,2025-05-16,210.42520141601562,211.73003772257164,208.94109887256835,211.52086084946143,54737900,
1351,2025-05-19,207.9550018310547,208.65223273202483,203.45285841572866,207.0884445111699,46140500,
1352,2025-05-20,206.04258728027344,207.64622592622177,204.2198167548668,206.84938410987283,42496600,
1353,2025-05-21,201.2914276123047,206.22186440009241,199.91689108628387,204.3592586621154,59211800,
1354,2025-05-22,200.5643310546875,201.94883789272,198.91088686006037,199.91690559460176,46742400,
1355,2025-05-23,194.49838256835938,196.91877297523902,192.6955373289648,192.9046989896,78432900,
1356,2025-05-27,199.4188690185547,199.94677348688452,196.64984031499387,197.51641281084125,56288500,
1357,2025-05-28,199.62803649902344,201.9289060786693,199.11008702875665,199.79736291846774,45339700,
1358,2025-05-29,199.15988159179688,203.0046291598645,197.72556941325453,202.77554227533128,51396800,
1359,2025-05-30,200.05633544921875,201.1619498266407,196.00241099917397,198.5821728136608,70819900,
1360,2025-06-02,200.9029541015625,201.3312628058232,199.32919584599733,199.48856723355908,35423300,
1361,2025-06-03,202.46678161621094,202.96480586317466,200.16591202699755,200.55437033168948,46381600,
1362,2025-06-04,202.0185546875,205.42503857555045,201.30139858491114,202.10819540070028,43604000,
1363,2025-06-05,199.8372039794922,203.94091870107042,199.35908978394463,202.69585814733983,55126100,
1364,2025-06-06,203.11419677734375,204.8871617909174,201.2515910514923,202.19783403313102,46607700,
1365,2025-06-09,200.65394592285156,205.18596915505242,199.22960401477,203.58233063284266,72862600,
1366,2025-06-10,201.869140625,203.54250994980842,199.77744796710627,199.8073282051838,54672600,
1367,2025-06-11,197.9945068359375,203.69190510411792,197.62597377823997,202.69585666840098,60989900,
1368,2025-06-12,198.41285705566406,198.890956077424,196.58013147350607,198.29333609984755,43904600,
1369,2025-06-13,195.67373657226562,199.57824510364554,194.92670015226577,198.94077463318544,51447300,
1370,2025-06-16,197.6359405517578,197.90487790098294,195.78328974313985,196.52037110088898,43020700,
1371,2025-06-17,194.86692810058594,197.6060614779548,194.43863454049264,196.4207613301707,38856200,
1372,2025-06-18,195.80320739746094,196.7893008408277,194.2991796996429,195.16573699325735,45394700,
1373,2025-06-20,200.20574951171875,200.90298042554332,196.08210930882012,197.45666110928434,96813500,
1374,2025-06-23,200.70375061035156,201.50059236215068,198.1737943867686,200.83324176458547,55814300,
1375,2025-06-24,199.50851440429688,202.63610603642124,199.4089034764897,201.78945874554142,54064000,
1376,2025-06-25,200.76353454589844,202.8651975026319,199.82724651799433,200.65396860223956,39525700,
1377,2025-06-26,200.20574951171875,201.8392684520338,198.67184150130464,200.63404307360597,50799100,
1378,2025-06-27,200.28543090820312,202.41697405518968,199.20969672208463,201.09222774816857,73188600,
1379,2025-06-30,204.3592529296875,206.57048164253425,198.4726031076903,201.211736268348,91912800,
1380,2025-07-01,206.99880981445312,209.35943993298892,205.32544040497007,205.85334490237685,78788900,
1381,2025-07-02,211.6005401611328,212.49697770796604,207.31752868499885,208.08449026524102,67941800,
1382,2025-07-03,212.70614624023438,213.8017903991559,210.97301649264048,211.31166931275297,34955800,
1383,2025-07-07,209.12037658691406,215.37555986284275,207.97492690746134,211.83958469799765,50229000,
1384,2025-07-08,209.1801300048828,210.59451698338924,207.6262968509882,209.26978591644843,42848900,
1385,2025-07-09,210.30564880371094,210.4949004226829,206.4011410808137,208.7020103462271,48749400,
1386,2025-07-10,211.57066345214844,212.63642743345136,209.2000631819418,209.67816220166208,44443600,
1387,2025-07-11,210.32559204101562,211.29176024279,209.03072603053,209.73792710960444,39765800,
1388,2025-07-14,207.7956085205078,210.07656782568804,206.719874444485,209.10042946873696,38840100,
1389,2025-07-15,208.28369140625,211.05270487364396,208.09443976951917,208.39325734338402,42296300,
1390,2025-07-16,209.3295440673828,211.5606828488181,207.8155461810567,209.4689902412225,47490500,
1391,2025-07-17,209.19009399414062,210.96305897069354,208.761785269157,209.7379236663323,48068100,
1392,2025-07-18,210.3455047607422,210.95309492429405,208.87135730762196,210.0367321724359,48974600,
1393,2025-07-21,211.640380859375,214.92734394651046,210.79374875413163,211.26189276464606,51377400,
1394,2025-07-22,213.5527801513672,214.1006098348481,211.39135685335447,212.29776458434165,46404100,
1395,2025-07-23,213.30377197265625,214.29982043425818,211.57065737650467,214.15041924441525,46989300,
1396,2025-07-24,212.91531372070312,214.83769515517375,212.68622683006964,213.05475989741393,46022600,
1397,2025-07-25,213.0348358154297,214.38946224202752,212.55672164240056,213.85158759699283,40268800,
1398,2025-07-28,213.20419311523438,214.00103498726418,212.21809958876685,213.18426788884761,37858000,
1399,2025-07-29,210.43516540527344,213.96117031669576,209.9869466315705,213.33365491441555,51411700,
1400,2025-07-30,208.2239227294922,211.55072076453234,206.89917652304968,211.06265157316113,45512500,
1401,2025-07-31,206.74978637695312,209.01080544085684,206.3414028602417,207.66614913739534,80698400,
1402,2025-08-01,201.58029174804688,212.73603143542957,200.7037642416869,210.03673342752194,104434500,
1403,2025-08-04,202.5464630126953,207.0585613783641,200.88304868853191,203.70186769022786,75109300,
1404,2025-08-05,202.1181640625,204.5285996595603,201.36117265797924,202.59626309701343,44155100,
1405,2025-08-06,212.40733337402344,214.52892145014,204.77759854868273,204.81744899810374,108483100,
1406,2025-08-07,219.16053771972656,219.97730473834642,215.7241736307253,218.01508808955717,90224800,
1407,2025-08-08,228.44371032714844,230.08718413442585,218.3836152444713,219.95737356583322,113854000,
1408,2025-08-11,226.53909301757812,228.91238364576833,224.12592192869855,227.27701087414155,61806100,
1409,2025-08-12,229.0021209716797,230.14888579943394,226.429412881848,227.36674823663387,55626200,
1410,2025-08-13,232.6717529296875,234.33703985510917,229.77992501054072,230.4181341091737,69878500,
1411,2025-08-14,232.12330627441406,234.4567012802976,230.19875827485632,233.39969406647393,51916300,
1412,2025-08-15,230.9366455078125,233.6190590405621,228.69299310222902,233.33985018068216,56038700,
1413,2025-08-18,230.23863220214844,232.46233685580373,229.46083388892833,231.04634466466607,37476200,
1414,2025-08-19,229.90956115722656,232.2130419457167,228.70298322789472,230.62753117126795,39402600,
1415,2025-08-20,225.3723907470703,229.81981519856654,225.13307755654054,229.33119207499826,42263900,
1416,2025-08-21,224.26551818847656,225.88095827873425,223.14868274098328,225.63166356522294,30621200,
1417,2025-08-22,227.11744689941406,228.44369658121065,224.77408575714253,225.53193619713707,42477800,
1418,2025-08-25,226.51914978027344,228.6531118971015,225.59176554347297,225.84106025439092,30983100,
1419,2025-08-26,228.6630859375,228.84258604761433,224.05612439304167,226.22996704217394,54575100,
1420,2025-08-27,229.8397674560547,230.24859923631865,227.6160475796746,227.96506627689797,31259500,
1421,2025-08-28,231.9039306640625,232.75153884501827,228.69301327644948,230.16884905542523,38074700,
1422,2025-08-29,231.485107421875,232.7216147258446,230.71727541448905,231.85405874294378,39418400,
1423,2025-09-02,229.0719451904297,230.19876225122124,226.32970313085187,228.6032698757151,44075600,
1424,2025-09-03,237.79725646972656,238.17618932549604,233.69885053091846,236.5408165177042,66427800,
1425,2025-09-04,239.10353088378906,239.22318747047024,236.07211403385233,237.7772812570227,47549400,
1426,2025-09-05,239.01380920410156,240.63921565449175,237.8171975861315,239.3229322237051,54870400,
1427,2025-09-08,237.20892333984375,239.47250850410185,235.6732593017711,238.62491556233425,48999500,
1428,2025-09-09,233.6888885498047,238.10638391026913,232.70167593051625,236.33140663047269,66313900,
1429,2025-09-10,226.1501922607422,231.76431424305812,225.31256565050364,231.53496736029473,83440800,
1430,2025-09-11,229.3810577392578,229.7998710451417,226.010588238333,226.23995033725743,50208600,
1431,2025-09-12,233.40968322753906,233.84842918261825,228.373926506362,228.57335925244223,55824200,
1432,2025-09-15,236.03224182128906,237.5180438551372,234.36695488957946,236.33139853346725,42699500,
1433,2025-09-16,237.4781494140625,240.53949594661788,235.65332541334,236.51088466190768,63421100,
1434,2025-09-17,238.3157958984375,239.42266510979977,237.05934071942244,238.2958480596019,46508000,
1435,2025-09-18,237.20892333984375,240.51954939992544,235.98238232851827,239.29302360434258,44249600,
1436,2025-09-19,244.8074188232422,245.60516498271895,239.53234916144805,240.5494606794321,163741300,
1437,2025-09-22,255.35755920410156,255.9160073848096,247.42002368458668,247.5995237986898,105517400,
1438,2025-09-23,253.7122344970703,256.6140289111009,252.86464151383097,255.15815615601056,60275200,
1439,2025-09-24,251.5981903076172,255.01852163586054,250.33176892231356,254.49998437943248,42303700,
1440,2025-09-25,256.14532470703125,256.4444966190252,250.99989343760635,252.49566170312627,55202100,
1441,2025-09-26,254.73931884765625,256.87328100426123,253.06405044687503,253.38315498635407,46076300,
1442,2025-09-29,253.7122344970703,254.28063380560434,252.29624220529692,253.8418726304012,40127700,
1443,2025-09-30,253.9116668701172,255.1980209495745,252.39595068950493,254.1410137555297,37704300,
1444,2025-10-01,254.72933959960938,258.0599285933123,254.21080232618834,254.32049261064776,48713900,
1445,2025-10-02,256.40460205078125,257.45162766856953,253.43299812845933,255.85613542550084,42630200,
1446,2025-10-03,257.2920837402344,258.5086431914624,253.23357360959045,253.9515436206674,49155600,
1447,2025-10-06,255.96583557128906,258.33912604890287,254.3304629034206,257.2621558739689,44664100,
1448,2025-10-07,255.75645446777344,256.6738420114173,254.70939836699205,256.0855101139428,31955800,
1449,2025-10-08,257.3320007324219,257.7906945345413,255.38748958216482,255.79633660873378,36496900,
1450,2025-10-09,253.32330322265625,257.27213808351553,252.42584836214985,257.08267167133846,38322000,
1451,2025-10-10,244.5780792236328,255.65673769030235,243.31165772832736,254.22079760361632,61999100,
1452,2025-10-13,246.96133422851562,248.98560621270488,244.86725241658198,248.67648318296307,38142900,
1453,2025-10-14,247.07101440429688,248.14796941642882,244.00966795095763,245.90431694508948,35478000,
1454,2025-10-15,248.63658142089844,251.10959602979932,246.77186176083558,248.78616738422895,33893600,
1455,2025-10-16,246.7519073486328,248.33741809379524,244.43846029169785,247.54965348458146,39777000,
1456,2025-10-17,251.5782470703125,252.66518358811555,246.57242016484557,247.3203043073955,49147000,
1457,2025-10-20,261.50018310546875,263.63416054313814,254.90884523128253,255.168106265739,90483000,
1458,2025-10-21,262.0286865234375,264.5415968076956,261.0913359303388,261.141213133835,46695900,
1459,2025-10-22,257.72088623046875,262.1084670888602,254.70938662410154,261.9090191460537,45015300,
1460,2025-10-23,258.84765625,259.8847307097371,257.2821086816683,259.2066564378435,32754900,
1461,2025-10-24,262.07855224609375,263.3848541030092,258.44880663072195,260.4531458541269,38253700,
1462,2025-10-27,268.0516357421875,268.3607587413759,263.9033682058253,264.13273028939324,44888200,
1463,2025-10-28,268.2410888671875,269.12859257872884,267.39348082722177,268.23110734142335,41534800,
1464,2025-10-29,268.93914794921875,270.6443152614699,266.35642794866993,268.5203194424725,51086700,
1465,2025-10-30,270.63433837890625,273.36662916750566,267.72259312931254,271.2226702585742,69886500,
1466,2025-10-31,269.60723876953125,276.53764389728985,268.4006608909581,276.2085578376442,86167100,
1467,2025-11-03,268.2909851074219,270.08592548154905,265.4988962118729,269.6571458353552,50194600,
1468,2025-11-04,269.2781982421875,270.72408938596277,266.86501191822913,267.5730004152706,49274800,
1469,2025-11-05,269.3778991699219,270.93349568379296,266.17693326929896,267.8521863717013,43683100,
1470,2025-11-06,269.0089416503906,272.6287059365568,267.1342708755924,267.1342708755924,51204000,
1471,2025-11-07,267.7126159667969,271.5218466038475,266.0173996929098,269.03885049148494,48227400,
1472,2025-11-10,268.9303283691406,273.2223721938244,266.9639805623884,268.46119877683986,41312400,
1473,2025-11-11,274.73956298828125,275.3983427074405,269.2996575494418,269.3096487524697,46208300,
1474,2025-11-12,272.962890625,275.2187095291286,271.19618380015726,274.49005224267427,48398000,
1475,2025-11-13,272.4438171386719,276.1868626363035,271.58539619817094,273.6016390736082,49602800,
1476,2025-11-14,271.90484619140625,275.4482508823214,269.10005949599775,270.5473523374902,47431300,
1477,2025-11-17,266.9639892578125,269.98836893107386,265.237217022597,268.3214829895084,45018300,
1478,2025-11-18,266.94403076171875,270.20795552947055,264.8279672087311,269.48928956232544,45677300,
1479,2025-11-19,268.0619812011719,271.70520656667077,265.0076580872151,265.0376012369211,40424500,
1480,2025-11-20,265.7562561035156,274.91922505965954,265.42688147061517,270.327749378444,45823600,
1481,2025-11-21,270.98651123046875,272.8230952896135,265.17732758833057,265.4568071090486,59030800,
1482,2025-11-24,275.4083557128906,276.48633959077114,270.397645153795,270.397645153795,65585800,
1483,2025-11-25,276.45635986328125,279.8600396675645,274.7395483878858,274.75950033189645,46914200,
1484,2025-11-26,277.0353088378906,279.0116481613461,276.11703191175064,276.4464065684995,33431400,
1485,2025-11-28,278.3328857421875,278.4826014787427,275.4781737009374,276.7458380127342,20135600,
1486,2025-12-01,282.57501220703125,282.89442609469603,275.62792768573877,277.4944549964911,46587700,
1487,2025-12-02,285.6592712402344,286.86701880065203,282.10587559562896,282.47518456741903,53669500,
1488,2025-12-03,283.623046875,288.0847586222564,282.77461708045536,285.6692634925469,43538700,
1489,2025-12-04,280.179443359375,284.20196835267484,278.07334059490756,283.5731318378766,43989100,
1490,2025-12-05,278.26300048828125,280.6186397013617,277.53434330937836,280.01974631085085,47265800,
1491,2025-12-08,277.3746643066406,279.15136205700173,275.6378704438954,277.6142094762677,38211800,
1492,2025-12-09,276.6659851074219,279.5107061083118,276.4064879695729,277.6441787437343,32193300,
1493,2025-12-10,278.26300048828125,279.2312028389952,275.92734368017386,277.23491184461454,33038300,
1494,2025-12-11,277.514404296875,279.07150890817053,273.3022288840155,278.5824273392719,33248000,
1495,2025-12-12,277.763916015625,278.70217518025987,276.30663218031253,277.38461586894516,39532900,
1496,2025-12-15,273.6016540527344,279.63046152672615,272.33402020742307,279.63046152672615,50409100,
1497,2025-12-16,274.1007385253906,274.9891026980292,271.2859911871425,272.3140798989353,37648600,
1498,2025-12-17,271.33587646484375,275.6478724530811,271.13626563598973,274.50001118897205,50138700,
1499,2025-12-18,271.68524169921875,273.12257373871984,266.4549687260805,273.1025913325419,51630700,
1500,2025-12-19,273.1625061035156,274.09077415448866,269.399477884542,271.6453053723066,144632000,
1501,2025-12-22,270.4674987792969,273.37210596231955,270.00836035897595,272.3539780142796,36571800,
1502,2025-12-23,271.85491943359375,271.99467443806464,269.06012395403746,270.3377490962612,29642000,
1503,2025-12-24,273.3022155761719,274.9192064044749,271.69521595033444,271.8349404799371,17910600,
1504,2025-12-26,272.89300537109375,274.8593534534055,272.35399820928086,273.65160578690546,21521800,
1505,2025-12-29,273.2523498535156,273.8512128461511,271.8449608988494,272.1843267483383,23715200,
1506,2025-12-30,272.57354736328125,273.57169281796894,271.77504318392386,272.30405905646904,22139600,
1507,2025-12-31,271.3558349609375,273.17246717497864,271.24605357156486,272.553621806917,27293600,
